Workbook

Sheet Compile Sheet 
A1: S.N | B1: Resources | C1: Teams | D1: Designation | E1: S122 | F1: S123 | G1: S124 | H1: S125 | I1: S126 | J1: S127 | K1: S128 | L1: S129 | M1: S130 | N1: S131 | O1: S132 | P1: S133 | Q1: S134 | R1: S135 | S1: S136 | T1: S137 | U1: S138 | V1: S139 | W1: S140 | X1: S141 | Y1: Total | Z1: Average | AB1: Overall Rankings | AJ1: ="Last "&Sheet1!$G$1&" Sprints Rankings ("&Sheet1!$G$4&")" -> Last 6 Sprints Rankings (S133 – S138) | AR1: Helper: last-N window
AB2: S.N | AC2: Name | AD2: Designation | AE2: Sprints | AF2: Total Score | AG2: Avg Score | AH2: Overall Ranking | AJ2: S.N | AK2: Name | AL2: Designation | AM2: Team | AN2: Sprints | AO2: Avg Score | AP2: Overall Ranking | AR2: Last-N Avg | AS2: Last-N Sprints
B3: TEAM LEAD | AB3: TEAM LEAD | AJ3: TEAM LEAD
A4: 1 | B4: Bishal Stha | C4: Team Bravo | D4: Team Lead | E4: RUN | F4: RUN | G4: RUN | H4: 10 | I4: 9.2 | J4: 9 | K4: 9 | L4: 10 | M4: 8.33 | N4: 8.67 | O4: 9.4 | P4: 8.67 | Q4: 8.67 | R4: 6 | S4: 9.2 | T4: 9.6 | U4: ='[1]Team Bravo'!C6 -> 8.67 | Y4: =SUM(E4:X4) -> 124.41 | Z4: =IFERROR(AVERAGE(E4:X4),"-") -> 8.8864286 | AB4: 1 | AC4: {=INDEX(_xlfn.SORTBY($B$4:$B$9,IF(ISNUMBER($Z$4:$Z$9),$Z$4:$Z$9,-1),-1,$Y$4:$Y$9,-1),$AB4)} -> Niba Tandukar | AD4: =INDEX($D$4:$D$9,MATCH($AC4,$B$4:$B$9,0)) -> Team Lead | AE4: =COUNT(INDEX($E$4:$X$9,MATCH($AC4,$B$4:$B$9,0),0)) -> 10 | AF4: =INDEX($Y$4:$Y$9,MATCH($AC4,$B$4:$B$9,0)) -> 95.26 | AG4: =INDEX($Z$4:$Z$9,MATCH($AC4,$B$4:$B$9,0)) -> 9.526 | AH4: =RANK(AG4,$AG$4:$AG$57,0) -> 4 | AJ4: 1 | AK4: {=INDEX(_xlfn.SORTBY($B$4:$B$9,IF(ISNUMBER($AR$4:$AR$9),$AR$4:$AR$9,-1),-1,$AS$4:$AS$9,-1),$AJ4)} -> Niba Tandukar | AL4: =INDEX($D$4:$D$9,MATCH($AK4,$B$4:$B$9,0)) -> Team Lead | AM4: =INDEX($C$4:$C$9,MATCH($AK4,$B$4:$B$9,0)) -> DevOps | AN4: =INDEX($AS$4:$AS$9,MATCH($AK4,$B$4:$B$9,0)) -> 6 | AO4: =INDEX($AR$4:$AR$9,MATCH($AK4,$B$4:$B$9,0)) -> 9.5216667 | AP4: =IF(ISNUMBER(AO4),RANK(AO4,$AO$4:$AO$57,0),"-") -> 5 | AR4: =IF(ISNUMBER($A4),IFERROR(AVERAGE(INDEX($E4:$X4,MATCH(Sheet1!$G$3,$E$1:$X$1,0)):INDEX($E4:$X4,MATCH(Sheet1!$G$2,$E$1:$X$1,0))),"-"),"") -> 8.4683333 | AS4: =IF(ISNUMBER($A4),COUNT(INDEX($E4:$X4,MATCH(Sheet1!$G$3,$E$1:$X$1,0)):INDEX($E4:$X4,MATCH(Sheet1!$G$2,$E$1:$X$1,0))),"") -> 6
A5: 2 | B5: Niba Tandukar | C5: DevOps | D5: Team Lead | E5: N/A | F5: N/A | G5: N/A | H5: N/A | I5: N/A | J5: N/A | K5: N/A | L5: 8.33 | M5: 10 | N5: 10 | O5: 9.8 | P5: 8.33 | Q5: 9.8 | R5: 10 | S5: 9.8 | T5: 9.2 | U5: =[1]DevOps!C2 -> 10 | Y5: =SUM(E5:X5) -> 95.26 | Z5: =IFERROR(AVERAGE(E5:X5),"-") -> 9.526 | AB5: =AB4+1 -> 2 | AC5: {=INDEX(_xlfn.SORTBY($B$4:$B$9,IF(ISNUMBER($Z$4:$Z$9),$Z$4:$Z$9,-1),-1,$Y$4:$Y$9,-1),$AB5)} -> Bishal Stha | AD5: =INDEX($D$4:$D$9,MATCH($AC5,$B$4:$B$9,0)) -> Team Lead | AE5: =COUNT(INDEX($E$4:$X$9,MATCH($AC5,$B$4:$B$9,0),0)) -> 14 | AF5: =INDEX($Y$4:$Y$9,MATCH($AC5,$B$4:$B$9,0)) -> 124.41 | AG5: =INDEX($Z$4:$Z$9,MATCH($AC5,$B$4:$B$9,0)) -> 8.8864286 | AH5: =RANK(AG5,$AG$4:$AG$57,0) -> 11 | AJ5: =AJ4+1 -> 2 | AK5: {=INDEX(_xlfn.SORTBY($B$4:$B$9,IF(ISNUMBER($AR$4:$AR$9),$AR$4:$AR$9,-1),-1,$AS$4:$AS$9,-1),$AJ5)} -> Bishal Stha | AL5: =INDEX($D$4:$D$9,MATCH($AK5,$B$4:$B$9,0)) -> Team Lead | AM5: =INDEX($C$4:$C$9,MATCH($AK5,$B$4:$B$9,0)) -> Team Bravo | AN5: =INDEX($AS$4:$AS$9,MATCH($AK5,$B$4:$B$9,0)) -> 6 | AO5: =INDEX($AR$4:$AR$9,MATCH($AK5,$B$4:$B$9,0)) -> 8.4683333 | AP5: =IF(ISNUMBER(AO5),RANK(AO5,$AO$4:$AO$57,0),"-") -> 29 | AR5: =IF(ISNUMBER($A5),IFERROR(AVERAGE(INDEX($E5:$X5,MATCH(Sheet1!$G$3,$E$1:$X$1,0)):INDEX($E5:$X5,MATCH(Sheet1!$G$2,$E$1:$X$1,0))),"-"),"") -> 9.5216667 | AS5: =IF(ISNUMBER($A5),COUNT(INDEX($E5:$X5,MATCH(Sheet1!$G$3,$E$1:$X$1,0)):INDEX($E5:$X5,MATCH(Sheet1!$G$2,$E$1:$X$1,0))),"") -> 6
A6: 3 | B6: Dharma Gurung | C6: Blaze Warrior | D6: Team Lead | E6: 10 | F6: 8.67 | G6: 6.5 | H6: 8.33 | I6: 9 | J6: 6.5 | K6: 4.64 | L6: 9 | M6: 9 | N6: 8.33 | O6: 10 | P6: 7 | Q6: 9 | R6: 9 | S6: 8.33 | T6: 6.25 | U6: ='[1]Team Dharma'!C5 -> 7 | Y6: =SUM(E6:X6) -> 136.55 | Z6: =IFERROR(AVERAGE(E6:X6),"-") -> 8.0323529 | AB6: =AB5+1 -> 3 | AC6: {=INDEX(_xlfn.SORTBY($B$4:$B$9,IF(ISNUMBER($Z$4:$Z$9),$Z$4:$Z$9,-1),-1,$Y$4:$Y$9,-1),$AB6)} -> Dharma Gurung | AD6: =INDEX($D$4:$D$9,MATCH($AC6,$B$4:$B$9,0)) -> Team Lead | AE6: =COUNT(INDEX($E$4:$X$9,MATCH($AC6,$B$4:$B$9,0),0)) -> 17 | AF6: =INDEX($Y$4:$Y$9,MATCH($AC6,$B$4:$B$9,0)) -> 136.55 | AG6: =INDEX($Z$4:$Z$9,MATCH($AC6,$B$4:$B$9,0)) -> 8.0323529 | AH6: =RANK(AG6,$AG$4:$AG$57,0) -> 21 | AJ6: =AJ5+1 -> 3 | AK6: {=INDEX(_xlfn.SORTBY($B$4:$B$9,IF(ISNUMBER($AR$4:$AR$9),$AR$4:$AR$9,-1),-1,$AS$4:$AS$9,-1),$AJ6)} -> Bimal Sharma | AL6: =INDEX($D$4:$D$9,MATCH($AK6,$B$4:$B$9,0)) -> Team Lead | AM6: =INDEX($C$4:$C$9,MATCH($AK6,$B$4:$B$9,0)) -> Team Bimal | AN6: =INDEX($AS$4:$AS$9,MATCH($AK6,$B$4:$B$9,0)) -> 6 | AO6: =INDEX($AR$4:$AR$9,MATCH($AK6,$B$4:$B$9,0)) -> 7.8733333 | AP6: =IF(ISNUMBER(AO6),RANK(AO6,$AO$4:$AO$57,0),"-") -> 40 | AR6: =IF(ISNUMBER($A6),IFERROR(AVERAGE(INDEX($E6:$X6,MATCH(Sheet1!$G$3,$E$1:$X$1,0)):INDEX($E6:$X6,MATCH(Sheet1!$G$2,$E$1:$X$1,0))),"-"),"") -> 7.7633333 | AS6: =IF(ISNUMBER($A6),COUNT(INDEX($E6:$X6,MATCH(Sheet1!$G$3,$E$1:$X$1,0)):INDEX($E6:$X6,MATCH(Sheet1!$G$2,$E$1:$X$1,0))),"") -> 6
A7: 4 | B7: Sanjay Khadka | C7: Team Sanjay | D7: Team Lead | E7: 8.67 | F7: 10 | G7: 8.67 | H7: N/A | I7: 9.4 | J7: 7 | K7: 8.33 | L7: 6 | M7: 6 | N7: 9.2 | O7: 6.5 | P7: 8.33 | Q7: 8.33 | R7: 8.33 | S7: 6.5 | T7: 8.33 | U7: ='[1]Team Sanjay'!C5 -> 6.5 | Y7: =SUM(E7:X7) -> 126.09 | Z7: =IFERROR(AVERAGE(E7:X7),"-") -> 7.880625 | AB7: =AB6+1 -> 4 | AC7: {=INDEX(_xlfn.SORTBY($B$4:$B$9,IF(ISNUMBER($Z$4:$Z$9),$Z$4:$Z$9,-1),-1,$Y$4:$Y$9,-1),$AB7)} -> Sanjay Khadka | AD7: =INDEX($D$4:$D$9,MATCH($AC7,$B$4:$B$9,0)) -> Team Lead | AE7: =COUNT(INDEX($E$4:$X$9,MATCH($AC7,$B$4:$B$9,0),0)) -> 16 | AF7: =INDEX($Y$4:$Y$9,MATCH($AC7,$B$4:$B$9,0)) -> 126.09 | AG7: =INDEX($Z$4:$Z$9,MATCH($AC7,$B$4:$B$9,0)) -> 7.880625 | AH7: =RANK(AG7,$AG$4:$AG$57,0) -> 24 | AJ7: =AJ6+1 -> 4 | AK7: {=INDEX(_xlfn.SORTBY($B$4:$B$9,IF(ISNUMBER($AR$4:$AR$9),$AR$4:$AR$9,-1),-1,$AS$4:$AS$9,-1),$AJ7)} -> Dharma Gurung | AL7: =INDEX($D$4:$D$9,MATCH($AK7,$B$4:$B$9,0)) -> Team Lead | AM7: =INDEX($C$4:$C$9,MATCH($AK7,$B$4:$B$9,0)) -> Blaze Warrior | AN7: =INDEX($AS$4:$AS$9,MATCH($AK7,$B$4:$B$9,0)) -> 6 | AO7: =INDEX($AR$4:$AR$9,MATCH($AK7,$B$4:$B$9,0)) -> 7.7633333 | AP7: =IF(ISNUMBER(AO7),RANK(AO7,$AO$4:$AO$57,0),"-") -> 42 | AR7: =IF(ISNUMBER($A7),IFERROR(AVERAGE(INDEX($E7:$X7,MATCH(Sheet1!$G$3,$E$1:$X$1,0)):INDEX($E7:$X7,MATCH(Sheet1!$G$2,$E$1:$X$1,0))),"-"),"") -> 7.72 | AS7: =IF(ISNUMBER($A7),COUNT(INDEX($E7:$X7,MATCH(Sheet1!$G$3,$E$1:$X$1,0)):INDEX($E7:$X7,MATCH(Sheet1!$G$2,$E$1:$X$1,0))),"") -> 6
A8: 5 | B8: Bimal Sharma | C8: Team Bimal | D8: Team Lead | E8: 6.5 | F8: 8.33 | G8: 6.54 | H8: 9.2 | I8: 6.4 | J8: 7.03 | K8: 4.81 | L8: 5.47 | M8: 5.47 | N8: 8.33 | O8: 8.33 | P8: 6 | Q8: 9.4 | R8: 8.67 | S8: 9 | T8: 8.17 | U8: ='[1]Team Bimal'!C5 -> 6 | Y8: =SUM(E8:X8) -> 123.65 | Z8: =IFERROR(AVERAGE(E8:X8),"-") -> 7.2735294 | AB8: =AB7+1 -> 5 | AC8: {=INDEX(_xlfn.SORTBY($B$4:$B$9,IF(ISNUMBER($Z$4:$Z$9),$Z$4:$Z$9,-1),-1,$Y$4:$Y$9,-1),$AB8)} -> Bimal Sharma | AD8: =INDEX($D$4:$D$9,MATCH($AC8,$B$4:$B$9,0)) -> Team Lead | AE8: =COUNT(INDEX($E$4:$X$9,MATCH($AC8,$B$4:$B$9,0),0)) -> 17 | AF8: =INDEX($Y$4:$Y$9,MATCH($AC8,$B$4:$B$9,0)) -> 123.65 | AG8: =INDEX($Z$4:$Z$9,MATCH($AC8,$B$4:$B$9,0)) -> 7.2735294 | AH8: =RANK(AG8,$AG$4:$AG$57,0) -> 38 | AJ8: =AJ7+1 -> 5 | AK8: {=INDEX(_xlfn.SORTBY($B$4:$B$9,IF(ISNUMBER($AR$4:$AR$9),$AR$4:$AR$9,-1),-1,$AS$4:$AS$9,-1),$AJ8)} -> Sanjay Khadka | AL8: =INDEX($D$4:$D$9,MATCH($AK8,$B$4:$B$9,0)) -> Team Lead | AM8: =INDEX($C$4:$C$9,MATCH($AK8,$B$4:$B$9,0)) -> Team Sanjay | AN8: =INDEX($AS$4:$AS$9,MATCH($AK8,$B$4:$B$9,0)) -> 6 | AO8: =INDEX($AR$4:$AR$9,MATCH($AK8,$B$4:$B$9,0)) -> 7.72 | AP8: =IF(ISNUMBER(AO8),RANK(AO8,$AO$4:$AO$57,0),"-") -> 43 | AR8: =IF(ISNUMBER($A8),IFERROR(AVERAGE(INDEX($E8:$X8,MATCH(Sheet1!$G$3,$E$1:$X$1,0)):INDEX($E8:$X8,MATCH(Sheet1!$G$2,$E$1:$X$1,0))),"-"),"") -> 7.8733333 | AS8: =IF(ISNUMBER($A8),COUNT(INDEX($E8:$X8,MATCH(Sheet1!$G$3,$E$1:$X$1,0)):INDEX($E8:$X8,MATCH(Sheet1!$G$2,$E$1:$X$1,0))),"") -> 6
A9: 6 | B9: Bikash Bhandari | C9: Team Dhangadhi | D9: Team Lead | E9: N/A | F9: N/A | G9: N/A | H9: N/A | I9: N/A | J9: N/A | K9: N/A | L9: N/A | M9: 6 | N9: 7 | O9: 6 | P9: 9.4 | Q9: 6.5 | R9: 6 | S9: 6.5 | T9: 7 | U9: ='[1]Team Bikash'!C8 -> 7 | Y9: =SUM(E9:X9) -> 61.4 | Z9: =IFERROR(AVERAGE(E9:X9),"-") -> 6.8222222 | AB9: =AB8+1 -> 6 | AC9: {=INDEX(_xlfn.SORTBY($B$4:$B$9,IF(ISNUMBER($Z$4:$Z$9),$Z$4:$Z$9,-1),-1,$Y$4:$Y$9,-1),$AB9)} -> Bikash Bhandari | AD9: =INDEX($D$4:$D$9,MATCH($AC9,$B$4:$B$9,0)) -> Team Lead | AE9: =COUNT(INDEX($E$4:$X$9,MATCH($AC9,$B$4:$B$9,0),0)) -> 9 | AF9: =INDEX($Y$4:$Y$9,MATCH($AC9,$B$4:$B$9,0)) -> 61.4 | AG9: =INDEX($Z$4:$Z$9,MATCH($AC9,$B$4:$B$9,0)) -> 6.8222222 | AH9: =RANK(AG9,$AG$4:$AG$57,0) -> 45 | AJ9: =AJ8+1 -> 6 | AK9: {=INDEX(_xlfn.SORTBY($B$4:$B$9,IF(ISNUMBER($AR$4:$AR$9),$AR$4:$AR$9,-1),-1,$AS$4:$AS$9,-1),$AJ9)} -> Bikash Bhandari | AL9: =INDEX($D$4:$D$9,MATCH($AK9,$B$4:$B$9,0)) -> Team Lead | AM9: =INDEX($C$4:$C$9,MATCH($AK9,$B$4:$B$9,0)) -> Team Dhangadhi | AN9: =INDEX($AS$4:$AS$9,MATCH($AK9,$B$4:$B$9,0)) -> 6 | AO9: =INDEX($AR$4:$AR$9,MATCH($AK9,$B$4:$B$9,0)) -> 7.0666667 | AP9: =IF(ISNUMBER(AO9),RANK(AO9,$AO$4:$AO$57,0),"-") -> 47 | AR9: =IF(ISNUMBER($A9),IFERROR(AVERAGE(INDEX($E9:$X9,MATCH(Sheet1!$G$3,$E$1:$X$1,0)):INDEX($E9:$X9,MATCH(Sheet1!$G$2,$E$1:$X$1,0))),"-"),"") -> 7.0666667 | AS9: =IF(ISNUMBER($A9),COUNT(INDEX($E9:$X9,MATCH(Sheet1!$G$3,$E$1:$X$1,0)):INDEX($E9:$X9,MATCH(Sheet1!$G$2,$E$1:$X$1,0))),"") -> 6
B10: SSE | AB10: SSE | AJ10: SSE | AR10: =IF(ISNUMBER($A10),IFERROR(AVERAGE(INDEX($E10:$X10,MATCH(Sheet1!$G$3,$E$1:$X$1,0)):INDEX($E10:$X10,MATCH(Sheet1!$G$2,$E$1:$X$1,0))),"-"),"") | AS10: =IF(ISNUMBER($A10),COUNT(INDEX($E10:$X10,MATCH(Sheet1!$G$3,$E$1:$X$1,0)):INDEX($E10:$X10,MATCH(Sheet1!$G$2,$E$1:$X$1,0))),"")
A11: 1 | B11: Ram Chandra Dahal | C11: Run Team | D11: SSE | E11: 6.55 | F11: 7 | G11: 6.77 | H11: 8.9 | I11: 8.33 | J11: 9 | K11: 7.02 | L11: 7.14 | M11: N/A | N11: 8.33 | O11: 9.6 | P11: 8.33 | Q11: 7 | R11: 9.2 | S11: 8.67 | T11: 9.8 | U11: ='[1]Team Bimal'!C8 -> 9.7 | Y11: =SUM(E11:X11) -> 131.34 | Z11: =IFERROR(AVERAGE(E11:X11),"-") -> 8.20875 | AB11: 1 | AC11: {=INDEX(_xlfn.SORTBY($B$11:$B$17,IF(ISNUMBER($Z$11:$Z$17),$Z$11:$Z$17,-1),-1,$Y$11:$Y$17,-1),$AB11)} -> Susan Mool | AD11: =INDEX($D$11:$D$17,MATCH($AC11,$B$11:$B$17,0)) -> SSE | AE11: =COUNT(INDEX($E$11:$X$17,MATCH($AC11,$B$11:$B$17,0),0)) -> 3 | AF11: =INDEX($Y$11:$Y$17,MATCH($AC11,$B$11:$B$17,0)) -> 27.67 | AG11: =INDEX($Z$11:$Z$17,MATCH($AC11,$B$11:$B$17,0)) -> 9.2233333 | AH11: =RANK(AG11,$AG$4:$AG$57,0) -> 5 | AJ11: 1 | AK11: {=INDEX(_xlfn.SORTBY($B$11:$B$17,IF(ISNUMBER($AR$11:$AR$17),$AR$11:$AR$17,-1),-1,$AS$11:$AS$17,-1),$AJ11)} -> Susan Mool | AL11: =INDEX($D$11:$D$17,MATCH($AK11,$B$11:$B$17,0)) -> SSE | AM11: =INDEX($C$11:$C$17,MATCH($AK11,$B$11:$B$17,0)) -> Team Bimal | AN11: =INDEX($AS$11:$AS$17,MATCH($AK11,$B$11:$B$17,0)) -> 3 | AO11: =INDEX($AR$11:$AR$17,MATCH($AK11,$B$11:$B$17,0)) -> 9.2233333 | AP11: =IF(ISNUMBER(AO11),RANK(AO11,$AO$4:$AO$57,0),"-") -> 7 | AR11: =IF(ISNUMBER($A11),IFERROR(AVERAGE(INDEX($E11:$X11,MATCH(Sheet1!$G$3,$E$1:$X$1,0)):INDEX($E11:$X11,MATCH(Sheet1!$G$2,$E$1:$X$1,0))),"-"),"") -> 8.7833333 | AS11: =IF(ISNUMBER($A11),COUNT(INDEX($E11:$X11,MATCH(Sheet1!$G$3,$E$1:$X$1,0)):INDEX($E11:$X11,MATCH(Sheet1!$G$2,$E$1:$X$1,0))),"") -> 6
A12: 2 | B12: Abhinash Neupane | C12: Run Team | D12: SSE | E12: 8.28 | F12: 7 | G12: 7.64 | H12: RUN | I12: RUN | J12: 5.4 | K12: 6.4 | L12: 7.12 | M12: N/A | N12: 10 | O12: 10 | P12: 9.2 | Q12: 9.2 | R12: 7 | S12: 7 | T12: 9.2 | U12: ='[1]Run Team'!C4 -> 9.4 | Y12: =SUM(E12:X12) -> 112.84 | Z12: =IFERROR(AVERAGE(E12:X12),"-") -> 8.06 | AB12: =AB11+1 -> 2 | AC12: {=INDEX(_xlfn.SORTBY($B$11:$B$17,IF(ISNUMBER($Z$11:$Z$17),$Z$11:$Z$17,-1),-1,$Y$11:$Y$17,-1),$AB12)} -> Ravi Gupta | AD12: =INDEX($D$11:$D$17,MATCH($AC12,$B$11:$B$17,0)) -> SSE | AE12: =COUNT(INDEX($E$11:$X$17,MATCH($AC12,$B$11:$B$17,0),0)) -> 10 | AF12: =INDEX($Y$11:$Y$17,MATCH($AC12,$B$11:$B$17,0)) -> 86.77 | AG12: =INDEX($Z$11:$Z$17,MATCH($AC12,$B$11:$B$17,0)) -> 8.677 | AH12: =RANK(AG12,$AG$4:$AG$57,0) -> 12 | AJ12: =AJ11+1 -> 2 | AK12: {=INDEX(_xlfn.SORTBY($B$11:$B$17,IF(ISNUMBER($AR$11:$AR$17),$AR$11:$AR$17,-1),-1,$AS$11:$AS$17,-1),$AJ12)} -> Ravi Gupta | AL12: =INDEX($D$11:$D$17,MATCH($AK12,$B$11:$B$17,0)) -> SSE | AM12: =INDEX($C$11:$C$17,MATCH($AK12,$B$11:$B$17,0)) -> DevOps | AN12: =INDEX($AS$11:$AS$17,MATCH($AK12,$B$11:$B$17,0)) -> 6 | AO12: =INDEX($AR$11:$AR$17,MATCH($AK12,$B$11:$B$17,0)) -> 9.1116667 | AP12: =IF(ISNUMBER(AO12),RANK(AO12,$AO$4:$AO$57,0),"-") -> 11 | AR12: =IF(ISNUMBER($A12),IFERROR(AVERAGE(INDEX($E12:$X12,MATCH(Sheet1!$G$3,$E$1:$X$1,0)):INDEX($E12:$X12,MATCH(Sheet1!$G$2,$E$1:$X$1,0))),"-"),"") -> 8.5 | AS12: =IF(ISNUMBER($A12),COUNT(INDEX($E12:$X12,MATCH(Sheet1!$G$3,$E$1:$X$1,0)):INDEX($E12:$X12,MATCH(Sheet1!$G$2,$E$1:$X$1,0))),"") -> 6
A13: 3 | B13: Anuj Magar | C13: Team Bravo | D13: SSE | E13: RUN | F13: 6 | G13: RUN | H13: 9.55 | I13: 6.7 | J13: 5.95 | K13: 5.92 | L13: 7.01 | M13: 5.09 | N13: 9 | O13: 7 | P13: 8.85 | Q13: 8.95 | R13: 8.95 | S13: 9.55 | T13: 9.2 | U13: ='[1]Team Bravo'!C4 -> 8.95 | Y13: =SUM(E13:X13) -> 116.67 | Z13: =IFERROR(AVERAGE(E13:X13),"-") -> 7.778 | AB13: =AB12+1 -> 3 | AC13: {=INDEX(_xlfn.SORTBY($B$11:$B$17,IF(ISNUMBER($Z$11:$Z$17),$Z$11:$Z$17,-1),-1,$Y$11:$Y$17,-1),$AB13)} -> Ram Chandra Dahal | AD13: =INDEX($D$11:$D$17,MATCH($AC13,$B$11:$B$17,0)) -> SSE | AE13: =COUNT(INDEX($E$11:$X$17,MATCH($AC13,$B$11:$B$17,0),0)) -> 16 | AF13: =INDEX($Y$11:$Y$17,MATCH($AC13,$B$11:$B$17,0)) -> 131.34 | AG13: =INDEX($Z$11:$Z$17,MATCH($AC13,$B$11:$B$17,0)) -> 8.20875 | AH13: =RANK(AG13,$AG$4:$AG$57,0) -> 17 | AJ13: =AJ12+1 -> 3 | AK13: {=INDEX(_xlfn.SORTBY($B$11:$B$17,IF(ISNUMBER($AR$11:$AR$17),$AR$11:$AR$17,-1),-1,$AS$11:$AS$17,-1),$AJ13)} -> Anuj Magar | AL13: =INDEX($D$11:$D$17,MATCH($AK13,$B$11:$B$17,0)) -> SSE | AM13: =INDEX($C$11:$C$17,MATCH($AK13,$B$11:$B$17,0)) -> Team Bravo | AN13: =INDEX($AS$11:$AS$17,MATCH($AK13,$B$11:$B$17,0)) -> 6 | AO13: =INDEX($AR$11:$AR$17,MATCH($AK13,$B$11:$B$17,0)) -> 9.075 | AP13: =IF(ISNUMBER(AO13),RANK(AO13,$AO$4:$AO$57,0),"-") -> 13 | AR13: =IF(ISNUMBER($A13),IFERROR(AVERAGE(INDEX($E13:$X13,MATCH(Sheet1!$G$3,$E$1:$X$1,0)):INDEX($E13:$X13,MATCH(Sheet1!$G$2,$E$1:$X$1,0))),"-"),"") -> 9.075 | AS13: =IF(ISNUMBER($A13),COUNT(INDEX($E13:$X13,MATCH(Sheet1!$G$3,$E$1:$X$1,0)):INDEX($E13:$X13,MATCH(Sheet1!$G$2,$E$1:$X$1,0))),"") -> 6
A14: 4 | B14: Ravi Gupta | C14: DevOps | D14: SSE | E14: N/A | F14: N/A | G14: N/A | H14: N/A | I14: N/A | J14: N/A | K14: N/A | L14: 6.84 | M14: 5.86 | N14: 10 | O14: 9.4 | P14: 7 | Q14: 10 | R14: 8.67 | S14: 10 | T14: 10 | U14: =[1]DevOps!C3 -> 9 | Y14: =SUM(E14:X14) -> 86.77 | Z14: =IFERROR(AVERAGE(E14:X14),"-") -> 8.677 | AB14: =AB13+1 -> 4 | AC14: {=INDEX(_xlfn.SORTBY($B$11:$B$17,IF(ISNUMBER($Z$11:$Z$17),$Z$11:$Z$17,-1),-1,$Y$11:$Y$17,-1),$AB14)} -> Abhinash Neupane | AD14: =INDEX($D$11:$D$17,MATCH($AC14,$B$11:$B$17,0)) -> SSE | AE14: =COUNT(INDEX($E$11:$X$17,MATCH($AC14,$B$11:$B$17,0),0)) -> 14 | AF14: =INDEX($Y$11:$Y$17,MATCH($AC14,$B$11:$B$17,0)) -> 112.84 | AG14: =INDEX($Z$11:$Z$17,MATCH($AC14,$B$11:$B$17,0)) -> 8.06 | AH14: =RANK(AG14,$AG$4:$AG$57,0) -> 20 | AJ14: =AJ13+1 -> 4 | AK14: {=INDEX(_xlfn.SORTBY($B$11:$B$17,IF(ISNUMBER($AR$11:$AR$17),$AR$11:$AR$17,-1),-1,$AS$11:$AS$17,-1),$AJ14)} -> Ram Chandra Dahal | AL14: =INDEX($D$11:$D$17,MATCH($AK14,$B$11:$B$17,0)) -> SSE | AM14: =INDEX($C$11:$C$17,MATCH($AK14,$B$11:$B$17,0)) -> Run Team | AN14: =INDEX($AS$11:$AS$17,MATCH($AK14,$B$11:$B$17,0)) -> 6 | AO14: =INDEX($AR$11:$AR$17,MATCH($AK14,$B$11:$B$17,0)) -> 8.7833333 | AP14: =IF(ISNUMBER(AO14),RANK(AO14,$AO$4:$AO$57,0),"-") -> 18 | AR14: =IF(ISNUMBER($A14),IFERROR(AVERAGE(INDEX($E14:$X14,MATCH(Sheet1!$G$3,$E$1:$X$1,0)):INDEX($E14:$X14,MATCH(Sheet1!$G$2,$E$1:$X$1,0))),"-"),"") -> 9.1116667 | AS14: =IF(ISNUMBER($A14),COUNT(INDEX($E14:$X14,MATCH(Sheet1!$G$3,$E$1:$X$1,0)):INDEX($E14:$X14,MATCH(Sheet1!$G$2,$E$1:$X$1,0))),"") -> 6
A15: 5 | B15: Nirjal Dahal | C15: Blaze Warrior | D15: SSE | E15: 6.08 | F15: 5.87 | G15: 5.92 | H15: 6.58 | I15: 6 | J15: 5.84 | K15: 7 | L15: 5.43 | M15: 5.81 | N15: 7 | O15: 9.2 | P15: 9.2 | Q15: 9.35 | R15: 8.67 | S15: 9.2 | T15: 6.75 | U15: ='[1]Team Dharma'!C2 -> 8.67 | Y15: =SUM(E15:X15) -> 122.57 | Z15: =IFERROR(AVERAGE(E15:X15),"-") -> 7.21 | AB15: =AB14+1 -> 5 | AC15: {=INDEX(_xlfn.SORTBY($B$11:$B$17,IF(ISNUMBER($Z$11:$Z$17),$Z$11:$Z$17,-1),-1,$Y$11:$Y$17,-1),$AB15)} -> Anuj Magar | AD15: =INDEX($D$11:$D$17,MATCH($AC15,$B$11:$B$17,0)) -> SSE | AE15: =COUNT(INDEX($E$11:$X$17,MATCH($AC15,$B$11:$B$17,0),0)) -> 15 | AF15: =INDEX($Y$11:$Y$17,MATCH($AC15,$B$11:$B$17,0)) -> 116.67 | AG15: =INDEX($Z$11:$Z$17,MATCH($AC15,$B$11:$B$17,0)) -> 7.778 | AH15: =RANK(AG15,$AG$4:$AG$57,0) -> 27 | AJ15: =AJ14+1 -> 5 | AK15: {=INDEX(_xlfn.SORTBY($B$11:$B$17,IF(ISNUMBER($AR$11:$AR$17),$AR$11:$AR$17,-1),-1,$AS$11:$AS$17,-1),$AJ15)} -> Nirjal Dahal | AL15: =INDEX($D$11:$D$17,MATCH($AK15,$B$11:$B$17,0)) -> SSE | AM15: =INDEX($C$11:$C$17,MATCH($AK15,$B$11:$B$17,0)) -> Blaze Warrior | AN15: =INDEX($AS$11:$AS$17,MATCH($AK15,$B$11:$B$17,0)) -> 6 | AO15: =INDEX($AR$11:$AR$17,MATCH($AK15,$B$11:$B$17,0)) -> 8.64 | AP15: =IF(ISNUMBER(AO15),RANK(AO15,$AO$4:$AO$57,0),"-") -> 25 | AR15: =IF(ISNUMBER($A15),IFERROR(AVERAGE(INDEX($E15:$X15,MATCH(Sheet1!$G$3,$E$1:$X$1,0)):INDEX($E15:$X15,MATCH(Sheet1!$G$2,$E$1:$X$1,0))),"-"),"") -> 8.64 | AS15: =IF(ISNUMBER($A15),COUNT(INDEX($E15:$X15,MATCH(Sheet1!$G$3,$E$1:$X$1,0)):INDEX($E15:$X15,MATCH(Sheet1!$G$2,$E$1:$X$1,0))),"") -> 6
A16: 6 | B16: BK Krishna Magar | C16: Team Bravo | D16: SSE | E16: 5.14 | F16: 6.28 | G16: 4 | H16: 5.76 | I16: 9 | J16: 5.72 | K16: 6 | L16: 6.5 | M16: 7.16 | N16: 9.2 | O16: 9 | P16: 9.6 | Q16: 8.67 | R16: 8.33 | S16: 6.5 | T16: 8.33 | U16: ='[1]Team Bimal'!C6 -> 6 | Y16: =SUM(E16:X16) -> 121.19 | Z16: =IFERROR(AVERAGE(E16:X16),"-") -> 7.1288235 | AB16: =AB15+1 -> 6 | AC16: {=INDEX(_xlfn.SORTBY($B$11:$B$17,IF(ISNUMBER($Z$11:$Z$17),$Z$11:$Z$17,-1),-1,$Y$11:$Y$17,-1),$AB16)} -> Nirjal Dahal | AD16: =INDEX($D$11:$D$17,MATCH($AC16,$B$11:$B$17,0)) -> SSE | AE16: =COUNT(INDEX($E$11:$X$17,MATCH($AC16,$B$11:$B$17,0),0)) -> 17 | AF16: =INDEX($Y$11:$Y$17,MATCH($AC16,$B$11:$B$17,0)) -> 122.57 | AG16: =INDEX($Z$11:$Z$17,MATCH($AC16,$B$11:$B$17,0)) -> 7.21 | AH16: =RANK(AG16,$AG$4:$AG$57,0) -> 40 | AJ16: =AJ15+1 -> 6 | AK16: {=INDEX(_xlfn.SORTBY($B$11:$B$17,IF(ISNUMBER($AR$11:$AR$17),$AR$11:$AR$17,-1),-1,$AS$11:$AS$17,-1),$AJ16)} -> Abhinash Neupane | AL16: =INDEX($D$11:$D$17,MATCH($AK16,$B$11:$B$17,0)) -> SSE | AM16: =INDEX($C$11:$C$17,MATCH($AK16,$B$11:$B$17,0)) -> Run Team | AN16: =INDEX($AS$11:$AS$17,MATCH($AK16,$B$11:$B$17,0)) -> 6 | AO16: =INDEX($AR$11:$AR$17,MATCH($AK16,$B$11:$B$17,0)) -> 8.5 | AP16: =IF(ISNUMBER(AO16),RANK(AO16,$AO$4:$AO$57,0),"-") -> 27 | AR16: =IF(ISNUMBER($A16),IFERROR(AVERAGE(INDEX($E16:$X16,MATCH(Sheet1!$G$3,$E$1:$X$1,0)):INDEX($E16:$X16,MATCH(Sheet1!$G$2,$E$1:$X$1,0))),"-"),"") -> 7.905 | AS16: =IF(ISNUMBER($A16),COUNT(INDEX($E16:$X16,MATCH(Sheet1!$G$3,$E$1:$X$1,0)):INDEX($E16:$X16,MATCH(Sheet1!$G$2,$E$1:$X$1,0))),"") -> 6
A17: 7 | B17: Susan Mool | C17: Team Bimal | D17: SSE | E17: N/A | F17: N/A | G17: N/A | H17: N/A | I17: N/A | J17: N/A | K17: N/A | L17: N/A | M17: N/A | N17: N/A | O17: N/A | P17: N/A | Q17: N/A | R17: N/A | S17: 10 | T17: 9 | U17: ='[1]UI Team'!C2 -> 8.67 | Y17: =SUM(E17:X17) -> 27.67 | Z17: =IFERROR(AVERAGE(E17:X17),"-") -> 9.2233333 | AB17: =AB16+1 -> 7 | AC17: {=INDEX(_xlfn.SORTBY($B$11:$B$17,IF(ISNUMBER($Z$11:$Z$17),$Z$11:$Z$17,-1),-1,$Y$11:$Y$17,-1),$AB17)} -> BK Krishna Magar | AD17: =INDEX($D$11:$D$17,MATCH($AC17,$B$11:$B$17,0)) -> SSE | AE17: =COUNT(INDEX($E$11:$X$17,MATCH($AC17,$B$11:$B$17,0),0)) -> 17 | AF17: =INDEX($Y$11:$Y$17,MATCH($AC17,$B$11:$B$17,0)) -> 121.19 | AG17: =INDEX($Z$11:$Z$17,MATCH($AC17,$B$11:$B$17,0)) -> 7.1288235 | AH17: =RANK(AG17,$AG$4:$AG$57,0) -> 42 | AJ17: =AJ16+1 -> 7 | AK17: {=INDEX(_xlfn.SORTBY($B$11:$B$17,IF(ISNUMBER($AR$11:$AR$17),$AR$11:$AR$17,-1),-1,$AS$11:$AS$17,-1),$AJ17)} -> BK Krishna Magar | AL17: =INDEX($D$11:$D$17,MATCH($AK17,$B$11:$B$17,0)) -> SSE | AM17: =INDEX($C$11:$C$17,MATCH($AK17,$B$11:$B$17,0)) -> Team Bravo | AN17: =INDEX($AS$11:$AS$17,MATCH($AK17,$B$11:$B$17,0)) -> 6 | AO17: =INDEX($AR$11:$AR$17,MATCH($AK17,$B$11:$B$17,0)) -> 7.905 | AP17: =IF(ISNUMBER(AO17),RANK(AO17,$AO$4:$AO$57,0),"-") -> 37 | AR17: =IF(ISNUMBER($A17),IFERROR(AVERAGE(INDEX($E17:$X17,MATCH(Sheet1!$G$3,$E$1:$X$1,0)):INDEX($E17:$X17,MATCH(Sheet1!$G$2,$E$1:$X$1,0))),"-"),"") -> 9.2233333 | AS17: =IF(ISNUMBER($A17),COUNT(INDEX($E17:$X17,MATCH(Sheet1!$G$3,$E$1:$X$1,0)):INDEX($E17:$X17,MATCH(Sheet1!$G$2,$E$1:$X$1,0))),"") -> 3
AR18: =IF(ISNUMBER($A18),IFERROR(AVERAGE(INDEX($E18:$X18,MATCH(Sheet1!$G$3,$E$1:$X$1,0)):INDEX($E18:$X18,MATCH(Sheet1!$G$2,$E$1:$X$1,0))),"-"),"") | AS18: =IF(ISNUMBER($A18),COUNT(INDEX($E18:$X18,MATCH(Sheet1!$G$3,$E$1:$X$1,0)):INDEX($E18:$X18,MATCH(Sheet1!$G$2,$E$1:$X$1,0))),"")
B19: SE | AB19: SE | AJ19: SE | AR19: =IF(ISNUMBER($A19),IFERROR(AVERAGE(INDEX($E19:$X19,MATCH(Sheet1!$G$3,$E$1:$X$1,0)):INDEX($E19:$X19,MATCH(Sheet1!$G$2,$E$1:$X$1,0))),"-"),"") | AS19: =IF(ISNUMBER($A19),COUNT(INDEX($E19:$X19,MATCH(Sheet1!$G$3,$E$1:$X$1,0)):INDEX($E19:$X19,MATCH(Sheet1!$G$2,$E$1:$X$1,0))),"")
A20: 1 | B20: Shreeya Shakya | C20: Team Bravo | D20: SE | E20: 9.2 | F20: 6.95 | G20: 6.5 | H20: 8.7 | I20: 8.83 | J20: 10 | K20: 9.6 | L20: 7.68 | M20: 6.72 | N20: 9.2 | O20: 9.45 | P20: 9.95 | Q20: 9.1 | R20: 7.15 | S20: 7.45 | T20: 8.33 | U20: ='[1]Team Bravo'!C5 -> 10 | Y20: =SUM(E20:X20) -> 144.81 | Z20: =IFERROR(AVERAGE(E20:X20),"-") -> 8.5182353 | AB20: 1 | AC20: {=INDEX(_xlfn.SORTBY($B$20:$B$35,IF(ISNUMBER($Z$20:$Z$35),$Z$20:$Z$35,-1),-1,$Y$20:$Y$35,-1),$AB20)} -> Mandip Thapa | AD20: =INDEX($D$20:$D$35,MATCH($AC20,$B$20:$B$35,0)) -> SE | AE20: =COUNT(INDEX($E$20:$X$35,MATCH($AC20,$B$20:$B$35,0),0)) -> 1 | AF20: =INDEX($Y$20:$Y$35,MATCH($AC20,$B$20:$B$35,0)) -> 9 | AG20: =INDEX($Z$20:$Z$35,MATCH($AC20,$B$20:$B$35,0)) -> 9 | AH20: =RANK(AG20,$AG$4:$AG$57,0) -> 7 | AJ20: 1 | AK20: {=INDEX(_xlfn.SORTBY($B$20:$B$35,IF(ISNUMBER($AR$20:$AR$35),$AR$20:$AR$35,-1),-1,$AS$20:$AS$35,-1),$AJ20)} -> Sajjan Khanal | AL20: =INDEX($D$20:$D$35,MATCH($AK20,$B$20:$B$35,0)) -> SE | AM20: =INDEX($C$20:$C$35,MATCH($AK20,$B$20:$B$35,0)) -> DevOps | AN20: =INDEX($AS$20:$AS$35,MATCH($AK20,$B$20:$B$35,0)) -> 5 | AO20: =INDEX($AR$20:$AR$35,MATCH($AK20,$B$20:$B$35,0)) -> 9.8 | AP20: =IF(ISNUMBER(AO20),RANK(AO20,$AO$4:$AO$57,0),"-") -> 2 | AR20: =IF(ISNUMBER($A20),IFERROR(AVERAGE(INDEX($E20:$X20,MATCH(Sheet1!$G$3,$E$1:$X$1,0)):INDEX($E20:$X20,MATCH(Sheet1!$G$2,$E$1:$X$1,0))),"-"),"") -> 8.6633333 | AS20: =IF(ISNUMBER($A20),COUNT(INDEX($E20:$X20,MATCH(Sheet1!$G$3,$E$1:$X$1,0)):INDEX($E20:$X20,MATCH(Sheet1!$G$2,$E$1:$X$1,0))),"") -> 6
A21: 2 | B21: Sajjan Khanal | C21: DevOps | D21: SE | E21: N/A | F21: N/A | G21: N/A | H21: N/A | I21: N/A | J21: N/A | K21: N/A | L21: 7.31 | M21: 5.25 | N21: 10 | O21: 9.4 | P21: 9.4 | Q21: 10 | R21: 10 | S21: 10 | T21: 9.6 | Y21: =SUM(E21:X21) -> 80.96 | Z21: =IFERROR(AVERAGE(E21:X21),"-") -> 8.9955556 | AB21: =AB20+1 -> 2 | AC21: {=INDEX(_xlfn.SORTBY($B$20:$B$35,IF(ISNUMBER($Z$20:$Z$35),$Z$20:$Z$35,-1),-1,$Y$20:$Y$35,-1),$AB21)} -> Sajjan Khanal | AD21: =INDEX($D$20:$D$35,MATCH($AC21,$B$20:$B$35,0)) -> SE | AE21: =COUNT(INDEX($E$20:$X$35,MATCH($AC21,$B$20:$B$35,0),0)) -> 9 | AF21: =INDEX($Y$20:$Y$35,MATCH($AC21,$B$20:$B$35,0)) -> 80.96 | AG21: =INDEX($Z$20:$Z$35,MATCH($AC21,$B$20:$B$35,0)) -> 8.9955556 | AH21: =RANK(AG21,$AG$4:$AG$57,0) -> 8 | AJ21: =AJ20+1 -> 2 | AK21: {=INDEX(_xlfn.SORTBY($B$20:$B$35,IF(ISNUMBER($AR$20:$AR$35),$AR$20:$AR$35,-1),-1,$AS$20:$AS$35,-1),$AJ21)} -> Sagar Maharjan | AL21: =INDEX($D$20:$D$35,MATCH($AK21,$B$20:$B$35,0)) -> SE | AM21: =INDEX($C$20:$C$35,MATCH($AK21,$B$20:$B$35,0)) -> Blaze Warrior | AN21: =INDEX($AS$20:$AS$35,MATCH($AK21,$B$20:$B$35,0)) -> 6 | AO21: =INDEX($AR$20:$AR$35,MATCH($AK21,$B$20:$B$35,0)) -> 9.1616667 | AP21: =IF(ISNUMBER(AO21),RANK(AO21,$AO$4:$AO$57,0),"-") -> 9 | AR21: =IF(ISNUMBER($A21),IFERROR(AVERAGE(INDEX($E21:$X21,MATCH(Sheet1!$G$3,$E$1:$X$1,0)):INDEX($E21:$X21,MATCH(Sheet1!$G$2,$E$1:$X$1,0))),"-"),"") -> 9.8 | AS21: =IF(ISNUMBER($A21),COUNT(INDEX($E21:$X21,MATCH(Sheet1!$G$3,$E$1:$X$1,0)):INDEX($E21:$X21,MATCH(Sheet1!$G$2,$E$1:$X$1,0))),"") -> 5
A22: 3 | B22: Susmita Parajuli | C22: Blaze Warrior | D22: SE | E22: 7.21 | F22: 7.25 | G22: 6.8 | H22: 6.3 | I22: 7.28 | J22: 6.8 | K22: 7.4 | L22: 8.63 | M22: 5.9 | N22: 8.43 | O22: 8.68 | P22: 9.4 | Q22: 6.7 | R22: 9.35 | S22: 9.35 | T22: 6.75 | U22: ='[1]Team Dharma'!C4 -> 8.63 | Y22: =SUM(E22:X22) -> 130.86 | Z22: =IFERROR(AVERAGE(E22:X22),"-") -> 7.6976471 | AB22: =AB21+1 -> 3 | AC22: {=INDEX(_xlfn.SORTBY($B$20:$B$35,IF(ISNUMBER($Z$20:$Z$35),$Z$20:$Z$35,-1),-1,$Y$20:$Y$35,-1),$AB22)} -> Jeevan Joshi | AD22: =INDEX($D$20:$D$35,MATCH($AC22,$B$20:$B$35,0)) -> SE | AE22: =COUNT(INDEX($E$20:$X$35,MATCH($AC22,$B$20:$B$35,0),0)) -> 9 | AF22: =INDEX($Y$20:$Y$35,MATCH($AC22,$B$20:$B$35,0)) -> 80.8 | AG22: =INDEX($Z$20:$Z$35,MATCH($AC22,$B$20:$B$35,0)) -> 8.9777778 | AH22: =RANK(AG22,$AG$4:$AG$57,0) -> 9 | AJ22: =AJ21+1 -> 3 | AK22: {=INDEX(_xlfn.SORTBY($B$20:$B$35,IF(ISNUMBER($AR$20:$AR$35),$AR$20:$AR$35,-1),-1,$AS$20:$AS$35,-1),$AJ22)} -> Jeevan Joshi | AL22: =INDEX($D$20:$D$35,MATCH($AK22,$B$20:$B$35,0)) -> SE | AM22: =INDEX($C$20:$C$35,MATCH($AK22,$B$20:$B$35,0)) -> Run Team | AN22: =INDEX($AS$20:$AS$35,MATCH($AK22,$B$20:$B$35,0)) -> 6 | AO22: =INDEX($AR$20:$AR$35,MATCH($AK22,$B$20:$B$35,0)) -> 9.1 | AP22: =IF(ISNUMBER(AO22),RANK(AO22,$AO$4:$AO$57,0),"-") -> 12 | AR22: =IF(ISNUMBER($A22),IFERROR(AVERAGE(INDEX($E22:$X22,MATCH(Sheet1!$G$3,$E$1:$X$1,0)):INDEX($E22:$X22,MATCH(Sheet1!$G$2,$E$1:$X$1,0))),"-"),"") -> 8.3633333 | AS22: =IF(ISNUMBER($A22),COUNT(INDEX($E22:$X22,MATCH(Sheet1!$G$3,$E$1:$X$1,0)):INDEX($E22:$X22,MATCH(Sheet1!$G$2,$E$1:$X$1,0))),"") -> 6
A23: 4 | B23: Rashik Shrestha | C23: Run Team | D23: SE | E23: 9.6 | F23: 6.84 | G23: 7 | H23: 6.25 | I23: 9 | J23: 9.2 | K23: RUN | L23: 7 | M23: N/A | N23: 8.33 | O23: 9 | P23: 8.33 | Q23: 7 | R23: 9.2 | S23: 9.4 | T23: 9.2 | U23: ='[1]Run Team'!C5 -> 9 | Y23: =SUM(E23:X23) -> 124.35 | Z23: =IFERROR(AVERAGE(E23:X23),"-") -> 8.29 | AB23: =AB22+1 -> 4 | AC23: {=INDEX(_xlfn.SORTBY($B$20:$B$35,IF(ISNUMBER($Z$20:$Z$35),$Z$20:$Z$35,-1),-1,$Y$20:$Y$35,-1),$AB23)} -> Shreeya Shakya | AD23: =INDEX($D$20:$D$35,MATCH($AC23,$B$20:$B$35,0)) -> SE | AE23: =COUNT(INDEX($E$20:$X$35,MATCH($AC23,$B$20:$B$35,0),0)) -> 17 | AF23: =INDEX($Y$20:$Y$35,MATCH($AC23,$B$20:$B$35,0)) -> 144.81 | AG23: =INDEX($Z$20:$Z$35,MATCH($AC23,$B$20:$B$35,0)) -> 8.5182353 | AH23: =RANK(AG23,$AG$4:$AG$57,0) -> 14 | AJ23: =AJ22+1 -> 4 | AK23: {=INDEX(_xlfn.SORTBY($B$20:$B$35,IF(ISNUMBER($AR$20:$AR$35),$AR$20:$AR$35,-1),-1,$AS$20:$AS$35,-1),$AJ23)} -> Mandip Thapa | AL23: =INDEX($D$20:$D$35,MATCH($AK23,$B$20:$B$35,0)) -> SE | AM23: =INDEX($C$20:$C$35,MATCH($AK23,$B$20:$B$35,0)) -> DevOps | AN23: =INDEX($AS$20:$AS$35,MATCH($AK23,$B$20:$B$35,0)) -> 1 | AO23: =INDEX($AR$20:$AR$35,MATCH($AK23,$B$20:$B$35,0)) -> 9 | AP23: =IF(ISNUMBER(AO23),RANK(AO23,$AO$4:$AO$57,0),"-") -> 14 | AR23: =IF(ISNUMBER($A23),IFERROR(AVERAGE(INDEX($E23:$X23,MATCH(Sheet1!$G$3,$E$1:$X$1,0)):INDEX($E23:$X23,MATCH(Sheet1!$G$2,$E$1:$X$1,0))),"-"),"") -> 8.6883333 | AS23: =IF(ISNUMBER($A23),COUNT(INDEX($E23:$X23,MATCH(Sheet1!$G$3,$E$1:$X$1,0)):INDEX($E23:$X23,MATCH(Sheet1!$G$2,$E$1:$X$1,0))),"") -> 6
A24: 5 | B24: Aashish Katwal | C24: Team Bravo | D24: SE | E24: 7.7 | F24: 7.3 | G24: 8.33 | H24: 4.49 | I24: 6.5 | J24: 6.36 | K24: 6.95 | L24: 8.33 | M24: 5.85 | N24: 7 | O24: 9.15 | P24: 9.7 | Q24: 8.9 | R24: 7 | S24: 8.33 | T24: 8.67 | U24: ='[1]Team Bravo'!C7 -> 8.33 | Y24: =SUM(E24:X24) -> 128.89 | Z24: =IFERROR(AVERAGE(E24:X24),"-") -> 7.5817647 | AB24: =AB23+1 -> 5 | AC24: {=INDEX(_xlfn.SORTBY($B$20:$B$35,IF(ISNUMBER($Z$20:$Z$35),$Z$20:$Z$35,-1),-1,$Y$20:$Y$35,-1),$AB24)} -> Rashik Shrestha | AD24: =INDEX($D$20:$D$35,MATCH($AC24,$B$20:$B$35,0)) -> SE | AE24: =COUNT(INDEX($E$20:$X$35,MATCH($AC24,$B$20:$B$35,0),0)) -> 15 | AF24: =INDEX($Y$20:$Y$35,MATCH($AC24,$B$20:$B$35,0)) -> 124.35 | AG24: =INDEX($Z$20:$Z$35,MATCH($AC24,$B$20:$B$35,0)) -> 8.29 | AH24: =RANK(AG24,$AG$4:$AG$57,0) -> 16 | AJ24: =AJ23+1 -> 5 | AK24: {=INDEX(_xlfn.SORTBY($B$20:$B$35,IF(ISNUMBER($AR$20:$AR$35),$AR$20:$AR$35,-1),-1,$AS$20:$AS$35,-1),$AJ24)} -> Sayara Dangol | AL24: =INDEX($D$20:$D$35,MATCH($AK24,$B$20:$B$35,0)) -> SE | AM24: =INDEX($C$20:$C$35,MATCH($AK24,$B$20:$B$35,0)) -> Team Bimal | AN24: =INDEX($AS$20:$AS$35,MATCH($AK24,$B$20:$B$35,0)) -> 6 | AO24: =INDEX($AR$20:$AR$35,MATCH($AK24,$B$20:$B$35,0)) -> 8.9533333 | AP24: =IF(ISNUMBER(AO24),RANK(AO24,$AO$4:$AO$57,0),"-") -> 15 | AR24: =IF(ISNUMBER($A24),IFERROR(AVERAGE(INDEX($E24:$X24,MATCH(Sheet1!$G$3,$E$1:$X$1,0)):INDEX($E24:$X24,MATCH(Sheet1!$G$2,$E$1:$X$1,0))),"-"),"") -> 8.4883333 | AS24: =IF(ISNUMBER($A24),COUNT(INDEX($E24:$X24,MATCH(Sheet1!$G$3,$E$1:$X$1,0)):INDEX($E24:$X24,MATCH(Sheet1!$G$2,$E$1:$X$1,0))),"") -> 6
A25: 6 | B25: Sagar Maharjan | C25: Blaze Warrior | D25: SE | E25: 6.48 | F25: 8.33 | G25: 6.45 | H25: 5.48 | I25: 5.81 | J25: 7.09 | K25: 7 | L25: 6.45 | M25: 6.5 | N25: 8.62 | O25: 9.85 | P25: 9.1 | Q25: 9.4 | R25: 9.05 | S25: 8.95 | T25: 9.8 | U25: ='[1]Team Dharma'!C3 -> 8.67 | Y25: =SUM(E25:X25) -> 133.03 | Z25: =IFERROR(AVERAGE(E25:X25),"-") -> 7.8252941 | AB25: =AB24+1 -> 6 | AC25: {=INDEX(_xlfn.SORTBY($B$20:$B$35,IF(ISNUMBER($Z$20:$Z$35),$Z$20:$Z$35,-1),-1,$Y$20:$Y$35,-1),$AB25)} -> Prajjwal Pandey | AD25: =INDEX($D$20:$D$35,MATCH($AC25,$B$20:$B$35,0)) -> SE | AE25: =COUNT(INDEX($E$20:$X$35,MATCH($AC25,$B$20:$B$35,0),0)) -> 7 | AF25: =INDEX($Y$20:$Y$35,MATCH($AC25,$B$20:$B$35,0)) -> 56.53 | AG25: =INDEX($Z$20:$Z$35,MATCH($AC25,$B$20:$B$35,0)) -> 8.0757143 | AH25: =RANK(AG25,$AG$4:$AG$57,0) -> 19 | AJ25: =AJ24+1 -> 6 | AK25: {=INDEX(_xlfn.SORTBY($B$20:$B$35,IF(ISNUMBER($AR$20:$AR$35),$AR$20:$AR$35,-1),-1,$AS$20:$AS$35,-1),$AJ25)} -> Ankit Belal | AL25: =INDEX($D$20:$D$35,MATCH($AK25,$B$20:$B$35,0)) -> SE | AM25: =INDEX($C$20:$C$35,MATCH($AK25,$B$20:$B$35,0)) -> Team Dhangadhi | AN25: =INDEX($AS$20:$AS$35,MATCH($AK25,$B$20:$B$35,0)) -> 6 | AO25: =INDEX($AR$20:$AR$35,MATCH($AK25,$B$20:$B$35,0)) -> 8.745 | AP25: =IF(ISNUMBER(AO25),RANK(AO25,$AO$4:$AO$57,0),"-") -> 19 | AR25: =IF(ISNUMBER($A25),IFERROR(AVERAGE(INDEX($E25:$X25,MATCH(Sheet1!$G$3,$E$1:$X$1,0)):INDEX($E25:$X25,MATCH(Sheet1!$G$2,$E$1:$X$1,0))),"-"),"") -> 9.1616667 | AS25: =IF(ISNUMBER($A25),COUNT(INDEX($E25:$X25,MATCH(Sheet1!$G$3,$E$1:$X$1,0)):INDEX($E25:$X25,MATCH(Sheet1!$G$2,$E$1:$X$1,0))),"") -> 6
A26: 7 | B26: Sayara Dangol | C26: Team Bimal | D26: SE | E26: N/A | F26: N/A | G26: N/A | H26: 5.19 | I26: 8.17 | J26: 6.5 | K26: 6.49 | L26: 6.03 | M26: 8.33 | N26: 6 | O26: 6.85 | P26: 9.8 | Q26: 8.33 | R26: 8.62 | S26: 9.6 | T26: 8.33 | U26: ='[1]UI Team'!C3 -> 9.04 | Y26: =SUM(E26:X26) -> 107.28 | Z26: =IFERROR(AVERAGE(E26:X26),"-") -> 7.6628571 | AB26: =AB25+1 -> 7 | AC26: {=INDEX(_xlfn.SORTBY($B$20:$B$35,IF(ISNUMBER($Z$20:$Z$35),$Z$20:$Z$35,-1),-1,$Y$20:$Y$35,-1),$AB26)} -> Agrim Paneru | AD26: =INDEX($D$20:$D$35,MATCH($AC26,$B$20:$B$35,0)) -> SE | AE26: =COUNT(INDEX($E$20:$X$35,MATCH($AC26,$B$20:$B$35,0),0)) -> 6 | AF26: =INDEX($Y$20:$Y$35,MATCH($AC26,$B$20:$B$35,0)) -> 47.91 | AG26: =INDEX($Z$20:$Z$35,MATCH($AC26,$B$20:$B$35,0)) -> 7.985 | AH26: =RANK(AG26,$AG$4:$AG$57,0) -> 22 | AJ26: =AJ25+1 -> 7 | AK26: {=INDEX(_xlfn.SORTBY($B$20:$B$35,IF(ISNUMBER($AR$20:$AR$35),$AR$20:$AR$35,-1),-1,$AS$20:$AS$35,-1),$AJ26)} -> Rashik Shrestha | AL26: =INDEX($D$20:$D$35,MATCH($AK26,$B$20:$B$35,0)) -> SE | AM26: =INDEX($C$20:$C$35,MATCH($AK26,$B$20:$B$35,0)) -> Run Team | AN26: =INDEX($AS$20:$AS$35,MATCH($AK26,$B$20:$B$35,0)) -> 6 | AO26: =INDEX($AR$20:$AR$35,MATCH($AK26,$B$20:$B$35,0)) -> 8.6883333 | AP26: =IF(ISNUMBER(AO26),RANK(AO26,$AO$4:$AO$57,0),"-") -> 20 | AR26: =IF(ISNUMBER($A26),IFERROR(AVERAGE(INDEX($E26:$X26,MATCH(Sheet1!$G$3,$E$1:$X$1,0)):INDEX($E26:$X26,MATCH(Sheet1!$G$2,$E$1:$X$1,0))),"-"),"") -> 8.9533333 | AS26: =IF(ISNUMBER($A26),COUNT(INDEX($E26:$X26,MATCH(Sheet1!$G$3,$E$1:$X$1,0)):INDEX($E26:$X26,MATCH(Sheet1!$G$2,$E$1:$X$1,0))),"") -> 6
A27: 8 | B27: Jeevan Joshi | C27: Run Team | D27: SE | E27: RUN | F27: RUN | G27: RUN | H27: RUN | I27: RUN | J27: RUN | K27: RUN | L27: 6.4 | M27: N/A | N27: 9.8 | O27: 10 | P27: 9 | Q27: 10 | R27: 9.2 | S27: 8.33 | T27: 8.67 | U27: ='[1]Run Team'!C2 -> 9.4 | Y27: =SUM(E27:X27) -> 80.8 | Z27: =IFERROR(AVERAGE(E27:X27),"-") -> 8.9777778 | AB27: =AB26+1 -> 8 | AC27: {=INDEX(_xlfn.SORTBY($B$20:$B$35,IF(ISNUMBER($Z$20:$Z$35),$Z$20:$Z$35,-1),-1,$Y$20:$Y$35,-1),$AB27)} -> Sagar Maharjan | AD27: =INDEX($D$20:$D$35,MATCH($AC27,$B$20:$B$35,0)) -> SE | AE27: =COUNT(INDEX($E$20:$X$35,MATCH($AC27,$B$20:$B$35,0),0)) -> 17 | AF27: =INDEX($Y$20:$Y$35,MATCH($AC27,$B$20:$B$35,0)) -> 133.03 | AG27: =INDEX($Z$20:$Z$35,MATCH($AC27,$B$20:$B$35,0)) -> 7.8252941 | AH27: =RANK(AG27,$AG$4:$AG$57,0) -> 26 | AJ27: =AJ26+1 -> 8 | AK27: {=INDEX(_xlfn.SORTBY($B$20:$B$35,IF(ISNUMBER($AR$20:$AR$35),$AR$20:$AR$35,-1),-1,$AS$20:$AS$35,-1),$AJ27)} -> Shreeya Shakya | AL27: =INDEX($D$20:$D$35,MATCH($AK27,$B$20:$B$35,0)) -> SE | AM27: =INDEX($C$20:$C$35,MATCH($AK27,$B$20:$B$35,0)) -> Team Bravo | AN27: =INDEX($AS$20:$AS$35,MATCH($AK27,$B$20:$B$35,0)) -> 6 | AO27: =INDEX($AR$20:$AR$35,MATCH($AK27,$B$20:$B$35,0)) -> 8.6633333 | AP27: =IF(ISNUMBER(AO27),RANK(AO27,$AO$4:$AO$57,0),"-") -> 24 | AR27: =IF(ISNUMBER($A27),IFERROR(AVERAGE(INDEX($E27:$X27,MATCH(Sheet1!$G$3,$E$1:$X$1,0)):INDEX($E27:$X27,MATCH(Sheet1!$G$2,$E$1:$X$1,0))),"-"),"") -> 9.1 | AS27: =IF(ISNUMBER($A27),COUNT(INDEX($E27:$X27,MATCH(Sheet1!$G$3,$E$1:$X$1,0)):INDEX($E27:$X27,MATCH(Sheet1!$G$2,$E$1:$X$1,0))),"") -> 6
A28: 9 | B28: Ankit Belal | C28: Team Dhangadhi | D28: SE | E28: 3.75 | F28: 8.17 | G28: 6.5 | H28: N/A | I28: N/A | J28: N/A | K28: 6.87 | L28: 6.63 | M28: 6 | N28: 6 | O28: 7 | P28: 9 | Q28: 10 | R28: 9.8 | S28: 6 | T28: 9 | U28: ='[1]Run Team'!C6 -> 8.67 | Y28: =SUM(E28:X28) -> 103.39 | Z28: =IFERROR(AVERAGE(E28:X28),"-") -> 7.385 | AB28: =AB27+1 -> 9 | AC28: {=INDEX(_xlfn.SORTBY($B$20:$B$35,IF(ISNUMBER($Z$20:$Z$35),$Z$20:$Z$35,-1),-1,$Y$20:$Y$35,-1),$AB28)} -> Susmita Parajuli | AD28: =INDEX($D$20:$D$35,MATCH($AC28,$B$20:$B$35,0)) -> SE | AE28: =COUNT(INDEX($E$20:$X$35,MATCH($AC28,$B$20:$B$35,0),0)) -> 17 | AF28: =INDEX($Y$20:$Y$35,MATCH($AC28,$B$20:$B$35,0)) -> 130.86 | AG28: =INDEX($Z$20:$Z$35,MATCH($AC28,$B$20:$B$35,0)) -> 7.6976471 | AH28: =RANK(AG28,$AG$4:$AG$57,0) -> 29 | AJ28: =AJ27+1 -> 9 | AK28: {=INDEX(_xlfn.SORTBY($B$20:$B$35,IF(ISNUMBER($AR$20:$AR$35),$AR$20:$AR$35,-1),-1,$AS$20:$AS$35,-1),$AJ28)} -> Aashish Katwal | AL28: =INDEX($D$20:$D$35,MATCH($AK28,$B$20:$B$35,0)) -> SE | AM28: =INDEX($C$20:$C$35,MATCH($AK28,$B$20:$B$35,0)) -> Team Bravo | AN28: =INDEX($AS$20:$AS$35,MATCH($AK28,$B$20:$B$35,0)) -> 6 | AO28: =INDEX($AR$20:$AR$35,MATCH($AK28,$B$20:$B$35,0)) -> 8.4883333 | AP28: =IF(ISNUMBER(AO28),RANK(AO28,$AO$4:$AO$57,0),"-") -> 28 | AR28: =IF(ISNUMBER($A28),IFERROR(AVERAGE(INDEX($E28:$X28,MATCH(Sheet1!$G$3,$E$1:$X$1,0)):INDEX($E28:$X28,MATCH(Sheet1!$G$2,$E$1:$X$1,0))),"-"),"") -> 8.745 | AS28: =IF(ISNUMBER($A28),COUNT(INDEX($E28:$X28,MATCH(Sheet1!$G$3,$E$1:$X$1,0)):INDEX($E28:$X28,MATCH(Sheet1!$G$2,$E$1:$X$1,0))),"") -> 6
A29: 10 | B29: Anish Gho Shrestha | C29: Team Bimal | D29: SE | E29: 6 | F29: 5.33 | G29: 5.15 | H29: 6.21 | I29: 5.33 | J29: 6.29 | K29: 4.98 | L29: 6.5 | M29: 6.65 | N29: 6.3 | O29: 8.67 | P29: 10 | Q29: 9.35 | R29: 8.62 | S29: 7 | T29: 7 | U29: ='[1]Team Bimal'!C4 -> 6.75 | Y29: =SUM(E29:X29) -> 116.13 | Z29: =IFERROR(AVERAGE(E29:X29),"-") -> 6.8311765 | AB29: =AB28+1 -> 10 | AC29: {=INDEX(_xlfn.SORTBY($B$20:$B$35,IF(ISNUMBER($Z$20:$Z$35),$Z$20:$Z$35,-1),-1,$Y$20:$Y$35,-1),$AB29)} -> Anmol Chalise | AD29: =INDEX($D$20:$D$35,MATCH($AC29,$B$20:$B$35,0)) -> SE | AE29: =COUNT(INDEX($E$20:$X$35,MATCH($AC29,$B$20:$B$35,0),0)) -> 3 | AF29: =INDEX($Y$20:$Y$35,MATCH($AC29,$B$20:$B$35,0)) -> 23.06 | AG29: =INDEX($Z$20:$Z$35,MATCH($AC29,$B$20:$B$35,0)) -> 7.6866667 | AH29: =RANK(AG29,$AG$4:$AG$57,0) -> 30 | AJ29: =AJ28+1 -> 10 | AK29: {=INDEX(_xlfn.SORTBY($B$20:$B$35,IF(ISNUMBER($AR$20:$AR$35),$AR$20:$AR$35,-1),-1,$AS$20:$AS$35,-1),$AJ29)} -> Prajjwal Pandey | AL29: =INDEX($D$20:$D$35,MATCH($AK29,$B$20:$B$35,0)) -> SE | AM29: =INDEX($C$20:$C$35,MATCH($AK29,$B$20:$B$35,0)) -> Team Sanjay | AN29: =INDEX($AS$20:$AS$35,MATCH($AK29,$B$20:$B$35,0)) -> 6 | AO29: =INDEX($AR$20:$AR$35,MATCH($AK29,$B$20:$B$35,0)) -> 8.4216667 | AP29: =IF(ISNUMBER(AO29),RANK(AO29,$AO$4:$AO$57,0),"-") -> 30 | AR29: =IF(ISNUMBER($A29),IFERROR(AVERAGE(INDEX($E29:$X29,MATCH(Sheet1!$G$3,$E$1:$X$1,0)):INDEX($E29:$X29,MATCH(Sheet1!$G$2,$E$1:$X$1,0))),"-"),"") -> 8.12 | AS29: =IF(ISNUMBER($A29),COUNT(INDEX($E29:$X29,MATCH(Sheet1!$G$3,$E$1:$X$1,0)):INDEX($E29:$X29,MATCH(Sheet1!$G$2,$E$1:$X$1,0))),"") -> 6
A30: 11 | B30: Suyog Acharya | C30: Blaze Warrior | D30: SE | E30: 7 | F30: 6.1 | G30: 6 | H30: 5.96 | I30: 8.62 | J30: 4.69 | K30: 4.5 | L30: 5.63 | M30: 4.75 | N30: 6.5 | O30: 8.28 | P30: 8.33 | Q30: 8.28 | R30: 8.33 | S30: 9 | T30: 6.45 | U30: ='[1]Team Dharma'!C6 -> 7 | Y30: =SUM(E30:X30) -> 115.42 | Z30: =IFERROR(AVERAGE(E30:X30),"-") -> 6.7894118 | AB30: =AB29+1 -> 11 | AC30: {=INDEX(_xlfn.SORTBY($B$20:$B$35,IF(ISNUMBER($Z$20:$Z$35),$Z$20:$Z$35,-1),-1,$Y$20:$Y$35,-1),$AB30)} -> Sayara Dangol | AD30: =INDEX($D$20:$D$35,MATCH($AC30,$B$20:$B$35,0)) -> SE | AE30: =COUNT(INDEX($E$20:$X$35,MATCH($AC30,$B$20:$B$35,0),0)) -> 14 | AF30: =INDEX($Y$20:$Y$35,MATCH($AC30,$B$20:$B$35,0)) -> 107.28 | AG30: =INDEX($Z$20:$Z$35,MATCH($AC30,$B$20:$B$35,0)) -> 7.6628571 | AH30: =RANK(AG30,$AG$4:$AG$57,0) -> 31 | AJ30: =AJ29+1 -> 11 | AK30: {=INDEX(_xlfn.SORTBY($B$20:$B$35,IF(ISNUMBER($AR$20:$AR$35),$AR$20:$AR$35,-1),-1,$AS$20:$AS$35,-1),$AJ30)} -> Susmita Parajuli | AL30: =INDEX($D$20:$D$35,MATCH($AK30,$B$20:$B$35,0)) -> SE | AM30: =INDEX($C$20:$C$35,MATCH($AK30,$B$20:$B$35,0)) -> Blaze Warrior | AN30: =INDEX($AS$20:$AS$35,MATCH($AK30,$B$20:$B$35,0)) -> 6 | AO30: =INDEX($AR$20:$AR$35,MATCH($AK30,$B$20:$B$35,0)) -> 8.3633333 | AP30: =IF(ISNUMBER(AO30),RANK(AO30,$AO$4:$AO$57,0),"-") -> 31 | AR30: =IF(ISNUMBER($A30),IFERROR(AVERAGE(INDEX($E30:$X30,MATCH(Sheet1!$G$3,$E$1:$X$1,0)):INDEX($E30:$X30,MATCH(Sheet1!$G$2,$E$1:$X$1,0))),"-"),"") -> 7.8983333 | AS30: =IF(ISNUMBER($A30),COUNT(INDEX($E30:$X30,MATCH(Sheet1!$G$3,$E$1:$X$1,0)):INDEX($E30:$X30,MATCH(Sheet1!$G$2,$E$1:$X$1,0))),"") -> 6
A31: 12 | B31: Aayush Puri | C31: Team Sanjay | D31: SE | E31: N/A | F31: N/A | G31: N/A | H31: N/A | I31: N/A | J31: N/A | K31: N/A | L31: N/A | M31: N/A | N31: 8.33 | O31: 8.33 | P31: 8.33 | Q31: 9.2 | R31: 6.5 | S31: 6.5 | T31: 7 | U31: ='[1]Team Sanjay'!C7 -> 7 | Y31: =SUM(E31:X31) -> 61.19 | Z31: =IFERROR(AVERAGE(E31:X31),"-") -> 7.64875 | AB31: =AB30+1 -> 12 | AC31: {=INDEX(_xlfn.SORTBY($B$20:$B$35,IF(ISNUMBER($Z$20:$Z$35),$Z$20:$Z$35,-1),-1,$Y$20:$Y$35,-1),$AB31)} -> Aayush Puri | AD31: =INDEX($D$20:$D$35,MATCH($AC31,$B$20:$B$35,0)) -> SE | AE31: =COUNT(INDEX($E$20:$X$35,MATCH($AC31,$B$20:$B$35,0),0)) -> 8 | AF31: =INDEX($Y$20:$Y$35,MATCH($AC31,$B$20:$B$35,0)) -> 61.19 | AG31: =INDEX($Z$20:$Z$35,MATCH($AC31,$B$20:$B$35,0)) -> 7.64875 | AH31: =RANK(AG31,$AG$4:$AG$57,0) -> 32 | AJ31: =AJ30+1 -> 12 | AK31: {=INDEX(_xlfn.SORTBY($B$20:$B$35,IF(ISNUMBER($AR$20:$AR$35),$AR$20:$AR$35,-1),-1,$AS$20:$AS$35,-1),$AJ31)} -> Anish Gho Shrestha | AL31: =INDEX($D$20:$D$35,MATCH($AK31,$B$20:$B$35,0)) -> SE | AM31: =INDEX($C$20:$C$35,MATCH($AK31,$B$20:$B$35,0)) -> Team Bimal | AN31: =INDEX($AS$20:$AS$35,MATCH($AK31,$B$20:$B$35,0)) -> 6 | AO31: =INDEX($AR$20:$AR$35,MATCH($AK31,$B$20:$B$35,0)) -> 8.12 | AP31: =IF(ISNUMBER(AO31),RANK(AO31,$AO$4:$AO$57,0),"-") -> 34 | AR31: =IF(ISNUMBER($A31),IFERROR(AVERAGE(INDEX($E31:$X31,MATCH(Sheet1!$G$3,$E$1:$X$1,0)):INDEX($E31:$X31,MATCH(Sheet1!$G$2,$E$1:$X$1,0))),"-"),"") -> 7.4216667 | AS31: =IF(ISNUMBER($A31),COUNT(INDEX($E31:$X31,MATCH(Sheet1!$G$3,$E$1:$X$1,0)):INDEX($E31:$X31,MATCH(Sheet1!$G$2,$E$1:$X$1,0))),"") -> 6
A32: 13 | B32: Prajjwal Pandey | C32: Team Sanjay | D32: SE | E32: N/A | F32: N/A | G32: N/A | H32: N/A | I32: N/A | J32: N/A | K32: N/A | L32: N/A | M32: N/A | N32: N/A | O32: 6 | P32: 9.2 | Q32: 9 | R32: 8.33 | S32: 7 | T32: 8.67 | U32: ='[1]Team Sanjay'!C4 -> 8.33 | Y32: =SUM(E32:X32) -> 56.53 | Z32: =IFERROR(AVERAGE(E32:X32),"-") -> 8.0757143 | AB32: =AB31+1 -> 13 | AC32: {=INDEX(_xlfn.SORTBY($B$20:$B$35,IF(ISNUMBER($Z$20:$Z$35),$Z$20:$Z$35,-1),-1,$Y$20:$Y$35,-1),$AB32)} -> Aashish Katwal | AD32: =INDEX($D$20:$D$35,MATCH($AC32,$B$20:$B$35,0)) -> SE | AE32: =COUNT(INDEX($E$20:$X$35,MATCH($AC32,$B$20:$B$35,0),0)) -> 17 | AF32: =INDEX($Y$20:$Y$35,MATCH($AC32,$B$20:$B$35,0)) -> 128.89 | AG32: =INDEX($Z$20:$Z$35,MATCH($AC32,$B$20:$B$35,0)) -> 7.5817647 | AH32: =RANK(AG32,$AG$4:$AG$57,0) -> 35 | AJ32: =AJ31+1 -> 13 | AK32: {=INDEX(_xlfn.SORTBY($B$20:$B$35,IF(ISNUMBER($AR$20:$AR$35),$AR$20:$AR$35,-1),-1,$AS$20:$AS$35,-1),$AJ32)} -> Agrim Paneru | AL32: =INDEX($D$20:$D$35,MATCH($AK32,$B$20:$B$35,0)) -> SE | AM32: =INDEX($C$20:$C$35,MATCH($AK32,$B$20:$B$35,0)) -> AI Team | AN32: =INDEX($AS$20:$AS$35,MATCH($AK32,$B$20:$B$35,0)) -> 6 | AO32: =INDEX($AR$20:$AR$35,MATCH($AK32,$B$20:$B$35,0)) -> 7.985 | AP32: =IF(ISNUMBER(AO32),RANK(AO32,$AO$4:$AO$57,0),"-") -> 35 | AR32: =IF(ISNUMBER($A32),IFERROR(AVERAGE(INDEX($E32:$X32,MATCH(Sheet1!$G$3,$E$1:$X$1,0)):INDEX($E32:$X32,MATCH(Sheet1!$G$2,$E$1:$X$1,0))),"-"),"") -> 8.4216667 | AS32: =IF(ISNUMBER($A32),COUNT(INDEX($E32:$X32,MATCH(Sheet1!$G$3,$E$1:$X$1,0)):INDEX($E32:$X32,MATCH(Sheet1!$G$2,$E$1:$X$1,0))),"") -> 6
A33: 14 | B33: Agrim Paneru | C33: AI Team | D33: SE | E33: N/A | F33: N/A | G33: N/A | H33: N/A | I33: N/A | J33: N/A | K33: N/A | L33: N/A | M33: N/A | N33: N/A | O33: N/A | P33: 7 | Q33: 7 | R33: 8.2 | S33: 7.31 | T33: 9.2 | U33: ='[1]AI Team'!C3 -> 9.2 | Y33: =SUM(P33:X33) -> 47.91 | Z33: =IFERROR(AVERAGE(E33:X33),"-") -> 7.985 | AB33: =AB32+1 -> 14 | AC33: {=INDEX(_xlfn.SORTBY($B$20:$B$35,IF(ISNUMBER($Z$20:$Z$35),$Z$20:$Z$35,-1),-1,$Y$20:$Y$35,-1),$AB33)} -> Ankit Belal | AD33: =INDEX($D$20:$D$35,MATCH($AC33,$B$20:$B$35,0)) -> SE | AE33: =COUNT(INDEX($E$20:$X$35,MATCH($AC33,$B$20:$B$35,0),0)) -> 14 | AF33: =INDEX($Y$20:$Y$35,MATCH($AC33,$B$20:$B$35,0)) -> 103.39 | AG33: =INDEX($Z$20:$Z$35,MATCH($AC33,$B$20:$B$35,0)) -> 7.385 | AH33: =RANK(AG33,$AG$4:$AG$57,0) -> 36 | AJ33: =AJ32+1 -> 14 | AK33: {=INDEX(_xlfn.SORTBY($B$20:$B$35,IF(ISNUMBER($AR$20:$AR$35),$AR$20:$AR$35,-1),-1,$AS$20:$AS$35,-1),$AJ33)} -> Suyog Acharya | AL33: =INDEX($D$20:$D$35,MATCH($AK33,$B$20:$B$35,0)) -> SE | AM33: =INDEX($C$20:$C$35,MATCH($AK33,$B$20:$B$35,0)) -> Blaze Warrior | AN33: =INDEX($AS$20:$AS$35,MATCH($AK33,$B$20:$B$35,0)) -> 6 | AO33: =INDEX($AR$20:$AR$35,MATCH($AK33,$B$20:$B$35,0)) -> 7.8983333 | AP33: =IF(ISNUMBER(AO33),RANK(AO33,$AO$4:$AO$57,0),"-") -> 38 | AR33: =IF(ISNUMBER($A33),IFERROR(AVERAGE(INDEX($E33:$X33,MATCH(Sheet1!$G$3,$E$1:$X$1,0)):INDEX($E33:$X33,MATCH(Sheet1!$G$2,$E$1:$X$1,0))),"-"),"") -> 7.985 | AS33: =IF(ISNUMBER($A33),COUNT(INDEX($E33:$X33,MATCH(Sheet1!$G$3,$E$1:$X$1,0)):INDEX($E33:$X33,MATCH(Sheet1!$G$2,$E$1:$X$1,0))),"") -> 6
A34: 15 | B34: Anmol Chalise | C34: AI Team | D34: SE | E34: N/A | F34: N/A | G34: N/A | H34: N/A | I34: N/A | J34: N/A | K34: N/A | L34: N/A | M34: N/A | N34: N/A | O34: N/A | P34: 8.33 | Q34: 6.5 | R34: 8.23 | S34: N/A | T34: N/A | U34: N/A | Y34: =SUM(P34:X34) -> 23.06 | Z34: =IFERROR(AVERAGE(E34:X34),"-") -> 7.6866667 | AB34: =AB33+1 -> 15 | AC34: {=INDEX(_xlfn.SORTBY($B$20:$B$35,IF(ISNUMBER($Z$20:$Z$35),$Z$20:$Z$35,-1),-1,$Y$20:$Y$35,-1),$AB34)} -> Anish Gho Shrestha | AD34: =INDEX($D$20:$D$35,MATCH($AC34,$B$20:$B$35,0)) -> SE | AE34: =COUNT(INDEX($E$20:$X$35,MATCH($AC34,$B$20:$B$35,0),0)) -> 17 | AF34: =INDEX($Y$20:$Y$35,MATCH($AC34,$B$20:$B$35,0)) -> 116.13 | AG34: =INDEX($Z$20:$Z$35,MATCH($AC34,$B$20:$B$35,0)) -> 6.8311765 | AH34: =RANK(AG34,$AG$4:$AG$57,0) -> 44 | AJ34: =AJ33+1 -> 15 | AK34: {=INDEX(_xlfn.SORTBY($B$20:$B$35,IF(ISNUMBER($AR$20:$AR$35),$AR$20:$AR$35,-1),-1,$AS$20:$AS$35,-1),$AJ34)} -> Anmol Chalise | AL34: =INDEX($D$20:$D$35,MATCH($AK34,$B$20:$B$35,0)) -> SE | AM34: =INDEX($C$20:$C$35,MATCH($AK34,$B$20:$B$35,0)) -> AI Team | AN34: =INDEX($AS$20:$AS$35,MATCH($AK34,$B$20:$B$35,0)) -> 3 | AO34: =INDEX($AR$20:$AR$35,MATCH($AK34,$B$20:$B$35,0)) -> 7.6866667 | AP34: =IF(ISNUMBER(AO34),RANK(AO34,$AO$4:$AO$57,0),"-") -> 44 | AR34: =IF(ISNUMBER($A34),IFERROR(AVERAGE(INDEX($E34:$X34,MATCH(Sheet1!$G$3,$E$1:$X$1,0)):INDEX($E34:$X34,MATCH(Sheet1!$G$2,$E$1:$X$1,0))),"-"),"") -> 7.6866667 | AS34: =IF(ISNUMBER($A34),COUNT(INDEX($E34:$X34,MATCH(Sheet1!$G$3,$E$1:$X$1,0)):INDEX($E34:$X34,MATCH(Sheet1!$G$2,$E$1:$X$1,0))),"") -> 3
A35: 16 | B35: Mandip Thapa | C35: DevOps | D35: SE | E35: N/A | F35: N/A | G35: N/A | H35: N/A | I35: N/A | J35: N/A | K35: N/A | L35: N/A | M35: N/A | N35: N/A | O35: N/A | P35: N/A | Q35: N/A | R35: N/A | S35: N/A | T35: N/A | U35: =[1]DevOps!C6 -> 9 | Y35: =SUM(E35:X35) -> 9 | Z35: =IFERROR(AVERAGE(E35:X35),"-") -> 9 | AB35: =AB34+1 -> 16 | AC35: {=INDEX(_xlfn.SORTBY($B$20:$B$35,IF(ISNUMBER($Z$20:$Z$35),$Z$20:$Z$35,-1),-1,$Y$20:$Y$35,-1),$AB35)} -> Suyog Acharya | AD35: =INDEX($D$20:$D$35,MATCH($AC35,$B$20:$B$35,0)) -> SE | AE35: =COUNT(INDEX($E$20:$X$35,MATCH($AC35,$B$20:$B$35,0),0)) -> 17 | AF35: =INDEX($Y$20:$Y$35,MATCH($AC35,$B$20:$B$35,0)) -> 115.42 | AG35: =INDEX($Z$20:$Z$35,MATCH($AC35,$B$20:$B$35,0)) -> 6.7894118 | AH35: =RANK(AG35,$AG$4:$AG$57,0) -> 47 | AJ35: =AJ34+1 -> 16 | AK35: {=INDEX(_xlfn.SORTBY($B$20:$B$35,IF(ISNUMBER($AR$20:$AR$35),$AR$20:$AR$35,-1),-1,$AS$20:$AS$35,-1),$AJ35)} -> Aayush Puri | AL35: =INDEX($D$20:$D$35,MATCH($AK35,$B$20:$B$35,0)) -> SE | AM35: =INDEX($C$20:$C$35,MATCH($AK35,$B$20:$B$35,0)) -> Team Sanjay | AN35: =INDEX($AS$20:$AS$35,MATCH($AK35,$B$20:$B$35,0)) -> 6 | AO35: =INDEX($AR$20:$AR$35,MATCH($AK35,$B$20:$B$35,0)) -> 7.4216667 | AP35: =IF(ISNUMBER(AO35),RANK(AO35,$AO$4:$AO$57,0),"-") -> 46 | AR35: =IF(ISNUMBER($A35),IFERROR(AVERAGE(INDEX($E35:$X35,MATCH(Sheet1!$G$3,$E$1:$X$1,0)):INDEX($E35:$X35,MATCH(Sheet1!$G$2,$E$1:$X$1,0))),"-"),"") -> 9 | AS35: =IF(ISNUMBER($A35),COUNT(INDEX($E35:$X35,MATCH(Sheet1!$G$3,$E$1:$X$1,0)):INDEX($E35:$X35,MATCH(Sheet1!$G$2,$E$1:$X$1,0))),"") -> 1
AR36: =IF(ISNUMBER($A36),IFERROR(AVERAGE(INDEX($E36:$X36,MATCH(Sheet1!$G$3,$E$1:$X$1,0)):INDEX($E36:$X36,MATCH(Sheet1!$G$2,$E$1:$X$1,0))),"-"),"") | AS36: =IF(ISNUMBER($A36),COUNT(INDEX($E36:$X36,MATCH(Sheet1!$G$3,$E$1:$X$1,0)):INDEX($E36:$X36,MATCH(Sheet1!$G$2,$E$1:$X$1,0))),"")
B37: ASE | AB37: ASE | AJ37: ASE | AR37: =IF(ISNUMBER($A37),IFERROR(AVERAGE(INDEX($E37:$X37,MATCH(Sheet1!$G$3,$E$1:$X$1,0)):INDEX($E37:$X37,MATCH(Sheet1!$G$2,$E$1:$X$1,0))),"-"),"") | AS37: =IF(ISNUMBER($A37),COUNT(INDEX($E37:$X37,MATCH(Sheet1!$G$3,$E$1:$X$1,0)):INDEX($E37:$X37,MATCH(Sheet1!$G$2,$E$1:$X$1,0))),"")
A38: 1 | B38: Diplov Khatri | C38: Run Team | D38: ASE | E38: 6.36 | F38: 8.67 | G38: 3.5 | H38: 5.4 | I38: 6.43 | J38: 6.6 | K38: 6.5 | L38: 8.67 | M38: N/A | N38: 9.4 | O38: 8.33 | P38: 9.4 | Q38: 8.33 | R38: 8.33 | S38: 8.95 | T38: 8.67 | U38: ='[1]Run Team'!C3 -> 8.33 | Y38: =SUM(E38:X38) -> 121.87 | Z38: =IFERROR(AVERAGE(E38:X38),"-") -> 7.616875 | AB38: 1 | AC38: {=INDEX(_xlfn.SORTBY($B$38:$B$57,IF(ISNUMBER($Z$38:$Z$57),$Z$38:$Z$57,-1),-1,$Y$38:$Y$57,-1),$AB38)} -> Dilendra Thagunna | AD38: =INDEX($D$38:$D$57,MATCH($AC38,$B$38:$B$57,0)) -> ASE | AE38: =COUNT(INDEX($E$38:$X$57,MATCH($AC38,$B$38:$B$57,0),0)) -> 1 | AF38: =INDEX($Y$38:$Y$57,MATCH($AC38,$B$38:$B$57,0)) -> 10 | AG38: =INDEX($Z$38:$Z$57,MATCH($AC38,$B$38:$B$57,0)) -> 10 | AH38: =RANK(AG38,$AG$4:$AG$57,0) -> 1 | AJ38: 1 | AK38: {=INDEX(_xlfn.SORTBY($B$38:$B$57,IF(ISNUMBER($AR$38:$AR$57),$AR$38:$AR$57,-1),-1,$AS$38:$AS$57,-1),$AJ38)} -> Dilendra Thagunna | AL38: =INDEX($D$38:$D$57,MATCH($AK38,$B$38:$B$57,0)) -> ASE | AM38: =INDEX($C$38:$C$57,MATCH($AK38,$B$38:$B$57,0)) -> AI Team | AN38: =INDEX($AS$38:$AS$57,MATCH($AK38,$B$38:$B$57,0)) -> 1 | AO38: =INDEX($AR$38:$AR$57,MATCH($AK38,$B$38:$B$57,0)) -> 10 | AP38: =IF(ISNUMBER(AO38),RANK(AO38,$AO$4:$AO$57,0),"-") -> 1 | AR38: =IF(ISNUMBER($A38),IFERROR(AVERAGE(INDEX($E38:$X38,MATCH(Sheet1!$G$3,$E$1:$X$1,0)):INDEX($E38:$X38,MATCH(Sheet1!$G$2,$E$1:$X$1,0))),"-"),"") -> 8.6683333 | AS38: =IF(ISNUMBER($A38),COUNT(INDEX($E38:$X38,MATCH(Sheet1!$G$3,$E$1:$X$1,0)):INDEX($E38:$X38,MATCH(Sheet1!$G$2,$E$1:$X$1,0))),"") -> 6
A39: 2 | B39: Ramita Shrestha | C39: Team Bimal | D39: ASE | E39: N/A | F39: N/A | G39: N/A | H39: N/A | I39: N/A | J39: 7.85 | K39: 6.5 | L39: 7.67 | M39: 7 | N39: 7 | O39: 9.6 | P39: 9.4 | Q39: 9.2 | R39: 9 | S39: 9.6 | T39: 9.2 | U39: ='[1]Team Bimal'!C2 -> 8.33 | Y39: =SUM(E39:X39) -> 100.35 | Z39: =IFERROR(AVERAGE(E39:X39),"-") -> 8.3625 | AB39: =AB38+1 -> 2 | AC39: {=INDEX(_xlfn.SORTBY($B$38:$B$57,IF(ISNUMBER($Z$38:$Z$57),$Z$38:$Z$57,-1),-1,$Y$38:$Y$57,-1),$AB39)} -> Ashika Balami | AD39: =INDEX($D$38:$D$57,MATCH($AC39,$B$38:$B$57,0)) -> ASE | AE39: =COUNT(INDEX($E$38:$X$57,MATCH($AC39,$B$38:$B$57,0),0)) -> 1 | AF39: =INDEX($Y$38:$Y$57,MATCH($AC39,$B$38:$B$57,0)) -> 9.8 | AG39: =INDEX($Z$38:$Z$57,MATCH($AC39,$B$38:$B$57,0)) -> 9.8 | AH39: =RANK(AG39,$AG$4:$AG$57,0) -> 2 | AJ39: =AJ38+1 -> 2 | AK39: {=INDEX(_xlfn.SORTBY($B$38:$B$57,IF(ISNUMBER($AR$38:$AR$57),$AR$38:$AR$57,-1),-1,$AS$38:$AS$57,-1),$AJ39)} -> Ashika Balami | AL39: =INDEX($D$38:$D$57,MATCH($AK39,$B$38:$B$57,0)) -> ASE | AM39: =INDEX($C$38:$C$57,MATCH($AK39,$B$38:$B$57,0)) -> Team Bravo | AN39: =INDEX($AS$38:$AS$57,MATCH($AK39,$B$38:$B$57,0)) -> 1 | AO39: =INDEX($AR$38:$AR$57,MATCH($AK39,$B$38:$B$57,0)) -> 9.8 | AP39: =IF(ISNUMBER(AO39),RANK(AO39,$AO$4:$AO$57,0),"-") -> 2 | AR39: =IF(ISNUMBER($A39),IFERROR(AVERAGE(INDEX($E39:$X39,MATCH(Sheet1!$G$3,$E$1:$X$1,0)):INDEX($E39:$X39,MATCH(Sheet1!$G$2,$E$1:$X$1,0))),"-"),"") -> 9.1216667 | AS39: =IF(ISNUMBER($A39),COUNT(INDEX($E39:$X39,MATCH(Sheet1!$G$3,$E$1:$X$1,0)):INDEX($E39:$X39,MATCH(Sheet1!$G$2,$E$1:$X$1,0))),"") -> 6
A40: 3 | B40: Niva Awale | C40: Team Dhangadhi | D40: ASE | E40: N/A | F40: N/A | G40: N/A | H40: N/A | I40: N/A | J40: 7.9 | K40: 6.6 | L40: 7 | M40: 6.5 | N40: 8.5 | O40: 9.8 | P40: 10 | Q40: 9 | R40: 8.83 | S40: 7 | T40: 6.5 | U40: ='[1]Team Bikash'!C3 -> 6.5 | Y40: =SUM(E40:X40) -> 94.13 | Z40: =IFERROR(AVERAGE(E40:X40),"-") -> 7.8441667 | AB40: =AB39+1 -> 3 | AC40: {=INDEX(_xlfn.SORTBY($B$38:$B$57,IF(ISNUMBER($Z$38:$Z$57),$Z$38:$Z$57,-1),-1,$Y$38:$Y$57,-1),$AB40)} -> Dipesh Kayastha | AD40: =INDEX($D$38:$D$57,MATCH($AC40,$B$38:$B$57,0)) -> ASE | AE40: =COUNT(INDEX($E$38:$X$57,MATCH($AC40,$B$38:$B$57,0),0)) -> 1 | AF40: =INDEX($Y$38:$Y$57,MATCH($AC40,$B$38:$B$57,0)) -> 9.8 | AG40: =INDEX($Z$38:$Z$57,MATCH($AC40,$B$38:$B$57,0)) -> 9.8 | AH40: =RANK(AG40,$AG$4:$AG$57,0) -> 2 | AJ40: =AJ39+1 -> 3 | AK40: {=INDEX(_xlfn.SORTBY($B$38:$B$57,IF(ISNUMBER($AR$38:$AR$57),$AR$38:$AR$57,-1),-1,$AS$38:$AS$57,-1),$AJ40)} -> Dipesh Kayastha | AL40: =INDEX($D$38:$D$57,MATCH($AK40,$B$38:$B$57,0)) -> ASE | AM40: =INDEX($C$38:$C$57,MATCH($AK40,$B$38:$B$57,0)) -> Team Sanjay | AN40: =INDEX($AS$38:$AS$57,MATCH($AK40,$B$38:$B$57,0)) -> 1 | AO40: =INDEX($AR$38:$AR$57,MATCH($AK40,$B$38:$B$57,0)) -> 9.8 | AP40: =IF(ISNUMBER(AO40),RANK(AO40,$AO$4:$AO$57,0),"-") -> 2 | AR40: =IF(ISNUMBER($A40),IFERROR(AVERAGE(INDEX($E40:$X40,MATCH(Sheet1!$G$3,$E$1:$X$1,0)):INDEX($E40:$X40,MATCH(Sheet1!$G$2,$E$1:$X$1,0))),"-"),"") -> 7.9716667 | AS40: =IF(ISNUMBER($A40),COUNT(INDEX($E40:$X40,MATCH(Sheet1!$G$3,$E$1:$X$1,0)):INDEX($E40:$X40,MATCH(Sheet1!$G$2,$E$1:$X$1,0))),"") -> 6
A41: 4 | B41: Shishir Sharma | C41: Team Bravo | D41: ASE | E41: 4.64 | F41: 6.1 | G41: 4.79 | H41: 7.35 | I41: 10 | J41: 9.2 | K41: 9.1 | L41: 6.27 | M41: 8.67 | N41: 10 | O41: 9.4 | P41: 9.6 | Q41: 9.2 | R41: 8.97 | S41: 9.6 | T41: 7 | U41: ='[1]Team Bravo'!C2 -> 8.67 | Y41: =SUM(E41:X41) -> 138.56 | Z41: =IFERROR(AVERAGE(E41:X41),"-") -> 8.1505882 | AB41: =AB40+1 -> 4 | AC41: {=INDEX(_xlfn.SORTBY($B$38:$B$57,IF(ISNUMBER($Z$38:$Z$57),$Z$38:$Z$57,-1),-1,$Y$38:$Y$57,-1),$AB41)} -> Rashi Bhatta | AD41: =INDEX($D$38:$D$57,MATCH($AC41,$B$38:$B$57,0)) -> ASE | AE41: =COUNT(INDEX($E$38:$X$57,MATCH($AC41,$B$38:$B$57,0),0)) -> 1 | AF41: =INDEX($Y$38:$Y$57,MATCH($AC41,$B$38:$B$57,0)) -> 9.2 | AG41: =INDEX($Z$38:$Z$57,MATCH($AC41,$B$38:$B$57,0)) -> 9.2 | AH41: =RANK(AG41,$AG$4:$AG$57,0) -> 6 | AJ41: =AJ40+1 -> 4 | AK41: {=INDEX(_xlfn.SORTBY($B$38:$B$57,IF(ISNUMBER($AR$38:$AR$57),$AR$38:$AR$57,-1),-1,$AS$38:$AS$57,-1),$AJ41)} -> Soniya Sharma | AL41: =INDEX($D$38:$D$57,MATCH($AK41,$B$38:$B$57,0)) -> ASE | AM41: =INDEX($C$38:$C$57,MATCH($AK41,$B$38:$B$57,0)) -> DevOps | AN41: =INDEX($AS$38:$AS$57,MATCH($AK41,$B$38:$B$57,0)) -> 6 | AO41: =INDEX($AR$38:$AR$57,MATCH($AK41,$B$38:$B$57,0)) -> 9.3 | AP41: =IF(ISNUMBER(AO41),RANK(AO41,$AO$4:$AO$57,0),"-") -> 6 | AR41: =IF(ISNUMBER($A41),IFERROR(AVERAGE(INDEX($E41:$X41,MATCH(Sheet1!$G$3,$E$1:$X$1,0)):INDEX($E41:$X41,MATCH(Sheet1!$G$2,$E$1:$X$1,0))),"-"),"") -> 8.84 | AS41: =IF(ISNUMBER($A41),COUNT(INDEX($E41:$X41,MATCH(Sheet1!$G$3,$E$1:$X$1,0)):INDEX($E41:$X41,MATCH(Sheet1!$G$2,$E$1:$X$1,0))),"") -> 6
A42: 5 | B42: Surya joshi | C42: Blaze Warrior | D42: ASE | E42: 6.92 | F42: 8.67 | G42: 3.61 | H42: 6.41 | I42: 4.75 | J42: 5.23 | K42: 6.6 | L42: 7.04 | M42: 4.75 | N42: 9.8 | O42: 9 | P42: 9.4 | Q42: 6.5 | R42: 8.67 | S42: 10 | T42: 8.33 | U42: ='[1]Team Bikash'!C2 -> 9.2 | Y42: =SUM(E42:X42) -> 124.88 | Z42: =IFERROR(AVERAGE(E42:X42),"-") -> 7.3458824 | AB42: =AB41+1 -> 5 | AC42: {=INDEX(_xlfn.SORTBY($B$38:$B$57,IF(ISNUMBER($Z$38:$Z$57),$Z$38:$Z$57,-1),-1,$Y$38:$Y$57,-1),$AB42)} -> Soniya Sharma | AD42: =INDEX($D$38:$D$57,MATCH($AC42,$B$38:$B$57,0)) -> ASE | AE42: =COUNT(INDEX($E$38:$X$57,MATCH($AC42,$B$38:$B$57,0),0)) -> 9 | AF42: =INDEX($Y$38:$Y$57,MATCH($AC42,$B$38:$B$57,0)) -> 80.22 | AG42: =INDEX($Z$38:$Z$57,MATCH($AC42,$B$38:$B$57,0)) -> 8.9133333 | AH42: =RANK(AG42,$AG$4:$AG$57,0) -> 10 | AJ42: =AJ41+1 -> 5 | AK42: {=INDEX(_xlfn.SORTBY($B$38:$B$57,IF(ISNUMBER($AR$38:$AR$57),$AR$38:$AR$57,-1),-1,$AS$38:$AS$57,-1),$AJ42)} -> Rashi Bhatta | AL42: =INDEX($D$38:$D$57,MATCH($AK42,$B$38:$B$57,0)) -> ASE | AM42: =INDEX($C$38:$C$57,MATCH($AK42,$B$38:$B$57,0)) -> DevOps | AN42: =INDEX($AS$38:$AS$57,MATCH($AK42,$B$38:$B$57,0)) -> 1 | AO42: =INDEX($AR$38:$AR$57,MATCH($AK42,$B$38:$B$57,0)) -> 9.2 | AP42: =IF(ISNUMBER(AO42),RANK(AO42,$AO$4:$AO$57,0),"-") -> 8 | AR42: =IF(ISNUMBER($A42),IFERROR(AVERAGE(INDEX($E42:$X42,MATCH(Sheet1!$G$3,$E$1:$X$1,0)):INDEX($E42:$X42,MATCH(Sheet1!$G$2,$E$1:$X$1,0))),"-"),"") -> 8.6833333 | AS42: =IF(ISNUMBER($A42),COUNT(INDEX($E42:$X42,MATCH(Sheet1!$G$3,$E$1:$X$1,0)):INDEX($E42:$X42,MATCH(Sheet1!$G$2,$E$1:$X$1,0))),"") -> 6
A43: 6 | B43: Santosh Upadhyay | C43: Team Dhangadhi | D43: ASE | E43: 6.56 | F43: 6.5 | G43: 6.58 | H43: 7 | I43: 6.5 | J43: 8.33 | K43: 4.69 | L43: 6.08 | M43: 6 | N43: 6.5 | O43: 7 | P43: 6 | Q43: 8.67 | R43: 6.5 | S43: 9 | T43: 6.5 | U43: ='[1]Team Bikash'!C6 -> 8.67 | Y43: =SUM(E43:X43) -> 117.08 | Z43: =IFERROR(AVERAGE(E43:X43),"-") -> 6.8870588 | AB43: =AB42+1 -> 6 | AC43: {=INDEX(_xlfn.SORTBY($B$38:$B$57,IF(ISNUMBER($Z$38:$Z$57),$Z$38:$Z$57,-1),-1,$Y$38:$Y$57,-1),$AB43)} -> Dipak Raj Giri | AD43: =INDEX($D$38:$D$57,MATCH($AC43,$B$38:$B$57,0)) -> ASE | AE43: =COUNT(INDEX($E$38:$X$57,MATCH($AC43,$B$38:$B$57,0),0)) -> 6 | AF43: =INDEX($Y$38:$Y$57,MATCH($AC43,$B$38:$B$57,0)) -> 51.61 | AG43: =INDEX($Z$38:$Z$57,MATCH($AC43,$B$38:$B$57,0)) -> 8.6016667 | AH43: =RANK(AG43,$AG$4:$AG$57,0) -> 13 | AJ43: =AJ42+1 -> 6 | AK43: {=INDEX(_xlfn.SORTBY($B$38:$B$57,IF(ISNUMBER($AR$38:$AR$57),$AR$38:$AR$57,-1),-1,$AS$38:$AS$57,-1),$AJ43)} -> Ramita Shrestha | AL43: =INDEX($D$38:$D$57,MATCH($AK43,$B$38:$B$57,0)) -> ASE | AM43: =INDEX($C$38:$C$57,MATCH($AK43,$B$38:$B$57,0)) -> Team Bimal | AN43: =INDEX($AS$38:$AS$57,MATCH($AK43,$B$38:$B$57,0)) -> 6 | AO43: =INDEX($AR$38:$AR$57,MATCH($AK43,$B$38:$B$57,0)) -> 9.1216667 | AP43: =IF(ISNUMBER(AO43),RANK(AO43,$AO$4:$AO$57,0),"-") -> 10 | AR43: =IF(ISNUMBER($A43),IFERROR(AVERAGE(INDEX($E43:$X43,MATCH(Sheet1!$G$3,$E$1:$X$1,0)):INDEX($E43:$X43,MATCH(Sheet1!$G$2,$E$1:$X$1,0))),"-"),"") -> 7.5566667 | AS43: =IF(ISNUMBER($A43),COUNT(INDEX($E43:$X43,MATCH(Sheet1!$G$3,$E$1:$X$1,0)):INDEX($E43:$X43,MATCH(Sheet1!$G$2,$E$1:$X$1,0))),"") -> 6
A44: 7 | B44: Bishal Joshi | C44: Team Dhangadhi | D44: ASE | E44: 5.975 | F44: 8.67 | G44: 4 | H44: 7.22 | I44: 5.76 | J44: 6.08 | K44: 6.58 | L44: 5.4 | M44: 8.67 | N44: 9.6 | O44: 6.5 | P44: 8.33 | Q44: 9.4 | R44: 6.5 | S44: 8.67 | T44: 9 | U44: ='[1]Team Bikash'!C4 -> 7 | Y44: =SUM(E44:X44) -> 123.355 | Z44: =IFERROR(AVERAGE(E44:X44),"-") -> 7.2561765 | AB44: =AB43+1 -> 7 | AC44: {=INDEX(_xlfn.SORTBY($B$38:$B$57,IF(ISNUMBER($Z$38:$Z$57),$Z$38:$Z$57,-1),-1,$Y$38:$Y$57,-1),$AB44)} -> Ramita Shrestha | AD44: =INDEX($D$38:$D$57,MATCH($AC44,$B$38:$B$57,0)) -> ASE | AE44: =COUNT(INDEX($E$38:$X$57,MATCH($AC44,$B$38:$B$57,0),0)) -> 12 | AF44: =INDEX($Y$38:$Y$57,MATCH($AC44,$B$38:$B$57,0)) -> 100.35 | AG44: =INDEX($Z$38:$Z$57,MATCH($AC44,$B$38:$B$57,0)) -> 8.3625 | AH44: =RANK(AG44,$AG$4:$AG$57,0) -> 15 | AJ44: =AJ43+1 -> 7 | AK44: {=INDEX(_xlfn.SORTBY($B$38:$B$57,IF(ISNUMBER($AR$38:$AR$57),$AR$38:$AR$57,-1),-1,$AS$38:$AS$57,-1),$AJ44)} -> Apekshya Bam | AL44: =INDEX($D$38:$D$57,MATCH($AK44,$B$38:$B$57,0)) -> ASE | AM44: =INDEX($C$38:$C$57,MATCH($AK44,$B$38:$B$57,0)) -> Team Bimal | AN44: =INDEX($AS$38:$AS$57,MATCH($AK44,$B$38:$B$57,0)) -> 6 | AO44: =INDEX($AR$38:$AR$57,MATCH($AK44,$B$38:$B$57,0)) -> 8.895 | AP44: =IF(ISNUMBER(AO44),RANK(AO44,$AO$4:$AO$57,0),"-") -> 16 | AR44: =IF(ISNUMBER($A44),IFERROR(AVERAGE(INDEX($E44:$X44,MATCH(Sheet1!$G$3,$E$1:$X$1,0)):INDEX($E44:$X44,MATCH(Sheet1!$G$2,$E$1:$X$1,0))),"-"),"") -> 8.15 | AS44: =IF(ISNUMBER($A44),COUNT(INDEX($E44:$X44,MATCH(Sheet1!$G$3,$E$1:$X$1,0)):INDEX($E44:$X44,MATCH(Sheet1!$G$2,$E$1:$X$1,0))),"") -> 6
A45: 8 | B45: Apekshya Bam | C45: Team Bimal | D45: ASE | E45: 7 | F45: 8.53 | G45: 7.77 | H45: 7.12 | I45: 6 | J45: 6.01 | K45: 5.46 | L45: 6.03 | M45: 6.31 | N45: 8.63 | O45: 8.82 | P45: 8.67 | Q45: 8.77 | R45: 8.43 | S45: 9.4 | T45: 9.1 | U45: ='[1]Team Bimal'!C3 -> 9 | Y45: =SUM(E45:X45) -> 131.05 | Z45: =IFERROR(AVERAGE(E45:X45),"-") -> 7.7088235 | AB45: =AB44+1 -> 8 | AC45: {=INDEX(_xlfn.SORTBY($B$38:$B$57,IF(ISNUMBER($Z$38:$Z$57),$Z$38:$Z$57,-1),-1,$Y$38:$Y$57,-1),$AB45)} -> Shishir Sharma | AD45: =INDEX($D$38:$D$57,MATCH($AC45,$B$38:$B$57,0)) -> ASE | AE45: =COUNT(INDEX($E$38:$X$57,MATCH($AC45,$B$38:$B$57,0),0)) -> 17 | AF45: =INDEX($Y$38:$Y$57,MATCH($AC45,$B$38:$B$57,0)) -> 138.56 | AG45: =INDEX($Z$38:$Z$57,MATCH($AC45,$B$38:$B$57,0)) -> 8.1505882 | AH45: =RANK(AG45,$AG$4:$AG$57,0) -> 18 | AJ45: =AJ44+1 -> 8 | AK45: {=INDEX(_xlfn.SORTBY($B$38:$B$57,IF(ISNUMBER($AR$38:$AR$57),$AR$38:$AR$57,-1),-1,$AS$38:$AS$57,-1),$AJ45)} -> Shishir Sharma | AL45: =INDEX($D$38:$D$57,MATCH($AK45,$B$38:$B$57,0)) -> ASE | AM45: =INDEX($C$38:$C$57,MATCH($AK45,$B$38:$B$57,0)) -> Team Bravo | AN45: =INDEX($AS$38:$AS$57,MATCH($AK45,$B$38:$B$57,0)) -> 6 | AO45: =INDEX($AR$38:$AR$57,MATCH($AK45,$B$38:$B$57,0)) -> 8.84 | AP45: =IF(ISNUMBER(AO45),RANK(AO45,$AO$4:$AO$57,0),"-") -> 17 | AR45: =IF(ISNUMBER($A45),IFERROR(AVERAGE(INDEX($E45:$X45,MATCH(Sheet1!$G$3,$E$1:$X$1,0)):INDEX($E45:$X45,MATCH(Sheet1!$G$2,$E$1:$X$1,0))),"-"),"") -> 8.895 | AS45: =IF(ISNUMBER($A45),COUNT(INDEX($E45:$X45,MATCH(Sheet1!$G$3,$E$1:$X$1,0)):INDEX($E45:$X45,MATCH(Sheet1!$G$2,$E$1:$X$1,0))),"") -> 6
A46: 9 | B46: Dasarath Ayer | C46: Team Dhangadhi | D46: ASE | E46: 5.3 | F46: 5.73 | G46: 5.93 | H46: 6.55 | I46: 4.93 | J46: 4.75 | K46: 4.45 | L46: 9.6 | M46: 6.33 | N46: 8.33 | O46: 6.5 | P46: 8.67 | Q46: 6 | R46: 8.67 | S46: 7 | T46: 8.33 | U46: ='[1]Team Bikash'!C5 -> 8.67 | Y46: =SUM(E46:X46) -> 115.74 | Z46: =IFERROR(AVERAGE(E46:X46),"-") -> 6.8082353 | AB46: =AB45+1 -> 9 | AC46: {=INDEX(_xlfn.SORTBY($B$38:$B$57,IF(ISNUMBER($Z$38:$Z$57),$Z$38:$Z$57,-1),-1,$Y$38:$Y$57,-1),$AB46)} -> Saugat Gurung | AD46: =INDEX($D$38:$D$57,MATCH($AC46,$B$38:$B$57,0)) -> ASE | AE46: =COUNT(INDEX($E$38:$X$57,MATCH($AC46,$B$38:$B$57,0),0)) -> 9 | AF46: =INDEX($Y$38:$Y$57,MATCH($AC46,$B$38:$B$57,0)) -> 71.26 | AG46: =INDEX($Z$38:$Z$57,MATCH($AC46,$B$38:$B$57,0)) -> 7.9177778 | AH46: =RANK(AG46,$AG$4:$AG$57,0) -> 23 | AJ46: =AJ45+1 -> 9 | AK46: {=INDEX(_xlfn.SORTBY($B$38:$B$57,IF(ISNUMBER($AR$38:$AR$57),$AR$38:$AR$57,-1),-1,$AS$38:$AS$57,-1),$AJ46)} -> Surya joshi | AL46: =INDEX($D$38:$D$57,MATCH($AK46,$B$38:$B$57,0)) -> ASE | AM46: =INDEX($C$38:$C$57,MATCH($AK46,$B$38:$B$57,0)) -> Blaze Warrior | AN46: =INDEX($AS$38:$AS$57,MATCH($AK46,$B$38:$B$57,0)) -> 6 | AO46: =INDEX($AR$38:$AR$57,MATCH($AK46,$B$38:$B$57,0)) -> 8.6833333 | AP46: =IF(ISNUMBER(AO46),RANK(AO46,$AO$4:$AO$57,0),"-") -> 21 | AR46: =IF(ISNUMBER($A46),IFERROR(AVERAGE(INDEX($E46:$X46,MATCH(Sheet1!$G$3,$E$1:$X$1,0)):INDEX($E46:$X46,MATCH(Sheet1!$G$2,$E$1:$X$1,0))),"-"),"") -> 7.89 | AS46: =IF(ISNUMBER($A46),COUNT(INDEX($E46:$X46,MATCH(Sheet1!$G$3,$E$1:$X$1,0)):INDEX($E46:$X46,MATCH(Sheet1!$G$2,$E$1:$X$1,0))),"") -> 6
A47: 10 | B47: Saugat Gurung | C47: Team Bravo | D47: ASE | E47: N/A | F47: N/A | G47: N/A | H47: N/A | I47: N/A | J47: N/A | K47: N/A | L47: N/A | M47: 6 | N47: 9 | O47: 6.9 | P47: 8.23 | Q47: 8.33 | R47: 8.08 | S47: 7 | T47: 9.2 | U47: ='[1]Team Bravo'!C8 -> 8.52 | Y47: =SUM(E47:X47) -> 71.26 | Z47: =IFERROR(AVERAGE(E47:X47),"-") -> 7.9177778 | AB47: =AB46+1 -> 10 | AC47: {=INDEX(_xlfn.SORTBY($B$38:$B$57,IF(ISNUMBER($Z$38:$Z$57),$Z$38:$Z$57,-1),-1,$Y$38:$Y$57,-1),$AB47)} -> Niva Awale | AD47: =INDEX($D$38:$D$57,MATCH($AC47,$B$38:$B$57,0)) -> ASE | AE47: =COUNT(INDEX($E$38:$X$57,MATCH($AC47,$B$38:$B$57,0),0)) -> 12 | AF47: =INDEX($Y$38:$Y$57,MATCH($AC47,$B$38:$B$57,0)) -> 94.13 | AG47: =INDEX($Z$38:$Z$57,MATCH($AC47,$B$38:$B$57,0)) -> 7.8441667 | AH47: =RANK(AG47,$AG$4:$AG$57,0) -> 25 | AJ47: =AJ46+1 -> 10 | AK47: {=INDEX(_xlfn.SORTBY($B$38:$B$57,IF(ISNUMBER($AR$38:$AR$57),$AR$38:$AR$57,-1),-1,$AS$38:$AS$57,-1),$AJ47)} -> Diplov Khatri | AL47: =INDEX($D$38:$D$57,MATCH($AK47,$B$38:$B$57,0)) -> ASE | AM47: =INDEX($C$38:$C$57,MATCH($AK47,$B$38:$B$57,0)) -> Run Team | AN47: =INDEX($AS$38:$AS$57,MATCH($AK47,$B$38:$B$57,0)) -> 6 | AO47: =INDEX($AR$38:$AR$57,MATCH($AK47,$B$38:$B$57,0)) -> 8.6683333 | AP47: =IF(ISNUMBER(AO47),RANK(AO47,$AO$4:$AO$57,0),"-") -> 22 | AR47: =IF(ISNUMBER($A47),IFERROR(AVERAGE(INDEX($E47:$X47,MATCH(Sheet1!$G$3,$E$1:$X$1,0)):INDEX($E47:$X47,MATCH(Sheet1!$G$2,$E$1:$X$1,0))),"-"),"") -> 8.2266667 | AS47: =IF(ISNUMBER($A47),COUNT(INDEX($E47:$X47,MATCH(Sheet1!$G$3,$E$1:$X$1,0)):INDEX($E47:$X47,MATCH(Sheet1!$G$2,$E$1:$X$1,0))),"") -> 6
A48: 11 | B48: Soniya Sharma | C48: DevOps | D48: ASE | E48: N/A | F48: N/A | G48: N/A | H48: N/A | I48: N/A | J48: N/A | K48: N/A | L48: N/A | M48: 6.49 | N48: 8.33 | O48: 9.6 | P48: 7 | Q48: 9.6 | R48: 10 | S48: 10 | T48: 10 | U48: =[1]DevOps!C4 -> 9.2 | Y48: =SUM(E48:X48) -> 80.22 | Z48: =IFERROR(AVERAGE(E48:X48),"-") -> 8.9133333 | AB48: =AB47+1 -> 11 | AC48: {=INDEX(_xlfn.SORTBY($B$38:$B$57,IF(ISNUMBER($Z$38:$Z$57),$Z$38:$Z$57,-1),-1,$Y$38:$Y$57,-1),$AB48)} -> Apekshya Bam | AD48: =INDEX($D$38:$D$57,MATCH($AC48,$B$38:$B$57,0)) -> ASE | AE48: =COUNT(INDEX($E$38:$X$57,MATCH($AC48,$B$38:$B$57,0),0)) -> 17 | AF48: =INDEX($Y$38:$Y$57,MATCH($AC48,$B$38:$B$57,0)) -> 131.05 | AG48: =INDEX($Z$38:$Z$57,MATCH($AC48,$B$38:$B$57,0)) -> 7.7088235 | AH48: =RANK(AG48,$AG$4:$AG$57,0) -> 28 | AJ48: =AJ47+1 -> 11 | AK48: {=INDEX(_xlfn.SORTBY($B$38:$B$57,IF(ISNUMBER($AR$38:$AR$57),$AR$38:$AR$57,-1),-1,$AS$38:$AS$57,-1),$AJ48)} -> Aayush Pradhan | AL48: =INDEX($D$38:$D$57,MATCH($AK48,$B$38:$B$57,0)) -> ASE | AM48: =INDEX($C$38:$C$57,MATCH($AK48,$B$38:$B$57,0)) -> Team Sanjay | AN48: =INDEX($AS$38:$AS$57,MATCH($AK48,$B$38:$B$57,0)) -> 6 | AO48: =INDEX($AR$38:$AR$57,MATCH($AK48,$B$38:$B$57,0)) -> 8.6666667 | AP48: =IF(ISNUMBER(AO48),RANK(AO48,$AO$4:$AO$57,0),"-") -> 23 | AR48: =IF(ISNUMBER($A48),IFERROR(AVERAGE(INDEX($E48:$X48,MATCH(Sheet1!$G$3,$E$1:$X$1,0)):INDEX($E48:$X48,MATCH(Sheet1!$G$2,$E$1:$X$1,0))),"-"),"") -> 9.3 | AS48: =IF(ISNUMBER($A48),COUNT(INDEX($E48:$X48,MATCH(Sheet1!$G$3,$E$1:$X$1,0)):INDEX($E48:$X48,MATCH(Sheet1!$G$2,$E$1:$X$1,0))),"") -> 6
A49: 12 | B49: Aayush Pradhan | C49: Team Sanjay | D49: ASE | E49: 6.2 | F49: 4.97 | G49: 6.66 | H49: 5.65 | I49: 3.95 | J49: 5.98 | K49: 6.87 | L49: 8.33 | M49: 6.55 | N49: 6.5 | O49: 8.33 | P49: 9 | Q49: 8.33 | R49: 8.33 | S49: 8.67 | T49: 8.67 | U49: ='[1]Team Sanjay'!C3 -> 9 | Y49: =SUM(E49:X49) -> 121.99 | Z49: =IFERROR(AVERAGE(E49:X49),"-") -> 7.1758824 | AB49: =AB48+1 -> 12 | AC49: {=INDEX(_xlfn.SORTBY($B$38:$B$57,IF(ISNUMBER($Z$38:$Z$57),$Z$38:$Z$57,-1),-1,$Y$38:$Y$57,-1),$AB49)} -> Swayam Ghimire | AD49: =INDEX($D$38:$D$57,MATCH($AC49,$B$38:$B$57,0)) -> ASE | AE49: =COUNT(INDEX($E$38:$X$57,MATCH($AC49,$B$38:$B$57,0),0)) -> 8 | AF49: =INDEX($Y$38:$Y$57,MATCH($AC49,$B$38:$B$57,0)) -> 61.19 | AG49: =INDEX($Z$38:$Z$57,MATCH($AC49,$B$38:$B$57,0)) -> 7.64875 | AH49: =RANK(AG49,$AG$4:$AG$57,0) -> 32 | AJ49: =AJ48+1 -> 12 | AK49: {=INDEX(_xlfn.SORTBY($B$38:$B$57,IF(ISNUMBER($AR$38:$AR$57),$AR$38:$AR$57,-1),-1,$AS$38:$AS$57,-1),$AJ49)} -> Dipak Raj Giri | AL49: =INDEX($D$38:$D$57,MATCH($AK49,$B$38:$B$57,0)) -> ASE | AM49: =INDEX($C$38:$C$57,MATCH($AK49,$B$38:$B$57,0)) -> Team Bimal | AN49: =INDEX($AS$38:$AS$57,MATCH($AK49,$B$38:$B$57,0)) -> 6 | AO49: =INDEX($AR$38:$AR$57,MATCH($AK49,$B$38:$B$57,0)) -> 8.6016667 | AP49: =IF(ISNUMBER(AO49),RANK(AO49,$AO$4:$AO$57,0),"-") -> 26 | AR49: =IF(ISNUMBER($A49),IFERROR(AVERAGE(INDEX($E49:$X49,MATCH(Sheet1!$G$3,$E$1:$X$1,0)):INDEX($E49:$X49,MATCH(Sheet1!$G$2,$E$1:$X$1,0))),"-"),"") -> 8.6666667 | AS49: =IF(ISNUMBER($A49),COUNT(INDEX($E49:$X49,MATCH(Sheet1!$G$3,$E$1:$X$1,0)):INDEX($E49:$X49,MATCH(Sheet1!$G$2,$E$1:$X$1,0))),"") -> 6
A50: 13 | B50: Swayam Ghimire | C50: Team Sanjay | D50: ASE | E50: N/A | F50: N/A | G50: N/A | H50: N/A | I50: N/A | J50: N/A | K50: N/A | L50: N/A | M50: N/A | N50: 6 | O50: 8.33 | P50: 7 | Q50: 9.2 | R50: 8.33 | S50: 7 | T50: 7 | U50: ='[1]Team Sanjay'!C6 -> 8.33 | Y50: =SUM(E50:X50) -> 61.19 | Z50: =IFERROR(AVERAGE(E50:X50),"-") -> 7.64875 | AB50: =AB49+1 -> 13 | AC50: {=INDEX(_xlfn.SORTBY($B$38:$B$57,IF(ISNUMBER($Z$38:$Z$57),$Z$38:$Z$57,-1),-1,$Y$38:$Y$57,-1),$AB50)} -> Diplov Khatri | AD50: =INDEX($D$38:$D$57,MATCH($AC50,$B$38:$B$57,0)) -> ASE | AE50: =COUNT(INDEX($E$38:$X$57,MATCH($AC50,$B$38:$B$57,0),0)) -> 16 | AF50: =INDEX($Y$38:$Y$57,MATCH($AC50,$B$38:$B$57,0)) -> 121.87 | AG50: =INDEX($Z$38:$Z$57,MATCH($AC50,$B$38:$B$57,0)) -> 7.616875 | AH50: =RANK(AG50,$AG$4:$AG$57,0) -> 34 | AJ50: =AJ49+1 -> 13 | AK50: {=INDEX(_xlfn.SORTBY($B$38:$B$57,IF(ISNUMBER($AR$38:$AR$57),$AR$38:$AR$57,-1),-1,$AS$38:$AS$57,-1),$AJ50)} -> Saugat Gurung | AL50: =INDEX($D$38:$D$57,MATCH($AK50,$B$38:$B$57,0)) -> ASE | AM50: =INDEX($C$38:$C$57,MATCH($AK50,$B$38:$B$57,0)) -> Team Bravo | AN50: =INDEX($AS$38:$AS$57,MATCH($AK50,$B$38:$B$57,0)) -> 6 | AO50: =INDEX($AR$38:$AR$57,MATCH($AK50,$B$38:$B$57,0)) -> 8.2266667 | AP50: =IF(ISNUMBER(AO50),RANK(AO50,$AO$4:$AO$57,0),"-") -> 32 | AR50: =IF(ISNUMBER($A50),IFERROR(AVERAGE(INDEX($E50:$X50,MATCH(Sheet1!$G$3,$E$1:$X$1,0)):INDEX($E50:$X50,MATCH(Sheet1!$G$2,$E$1:$X$1,0))),"-"),"") -> 7.81 | AS50: =IF(ISNUMBER($A50),COUNT(INDEX($E50:$X50,MATCH(Sheet1!$G$3,$E$1:$X$1,0)):INDEX($E50:$X50,MATCH(Sheet1!$G$2,$E$1:$X$1,0))),"") -> 6
A51: 14 | B51: Dipak Raj Giri | C51: Team Bimal | D51: ASE | E51: N/A | F51: N/A | G51: N/A | H51: N/A | I51: N/A | J51: N/A | K51: N/A | L51: N/A | M51: N/A | N51: N/A | O51: N/A | P51: 9.2 | Q51: 8.67 | R51: 8.67 | S51: 8.67 | T51: 7 | U51: ='[1]Team Bimal'!C7 -> 9.4 | Y51: =SUM(E51:X51) -> 51.61 | Z51: =IFERROR(AVERAGE(E51:X51),"-") -> 8.6016667 | AB51: =AB50+1 -> 14 | AC51: {=INDEX(_xlfn.SORTBY($B$38:$B$57,IF(ISNUMBER($Z$38:$Z$57),$Z$38:$Z$57,-1),-1,$Y$38:$Y$57,-1),$AB51)} -> Surya joshi | AD51: =INDEX($D$38:$D$57,MATCH($AC51,$B$38:$B$57,0)) -> ASE | AE51: =COUNT(INDEX($E$38:$X$57,MATCH($AC51,$B$38:$B$57,0),0)) -> 17 | AF51: =INDEX($Y$38:$Y$57,MATCH($AC51,$B$38:$B$57,0)) -> 124.88 | AG51: =INDEX($Z$38:$Z$57,MATCH($AC51,$B$38:$B$57,0)) -> 7.3458824 | AH51: =RANK(AG51,$AG$4:$AG$57,0) -> 37 | AJ51: =AJ50+1 -> 14 | AK51: {=INDEX(_xlfn.SORTBY($B$38:$B$57,IF(ISNUMBER($AR$38:$AR$57),$AR$38:$AR$57,-1),-1,$AS$38:$AS$57,-1),$AJ51)} -> Bishal Joshi | AL51: =INDEX($D$38:$D$57,MATCH($AK51,$B$38:$B$57,0)) -> ASE | AM51: =INDEX($C$38:$C$57,MATCH($AK51,$B$38:$B$57,0)) -> Team Dhangadhi | AN51: =INDEX($AS$38:$AS$57,MATCH($AK51,$B$38:$B$57,0)) -> 6 | AO51: =INDEX($AR$38:$AR$57,MATCH($AK51,$B$38:$B$57,0)) -> 8.15 | AP51: =IF(ISNUMBER(AO51),RANK(AO51,$AO$4:$AO$57,0),"-") -> 33 | AR51: =IF(ISNUMBER($A51),IFERROR(AVERAGE(INDEX($E51:$X51,MATCH(Sheet1!$G$3,$E$1:$X$1,0)):INDEX($E51:$X51,MATCH(Sheet1!$G$2,$E$1:$X$1,0))),"-"),"") -> 8.6016667 | AS51: =IF(ISNUMBER($A51),COUNT(INDEX($E51:$X51,MATCH(Sheet1!$G$3,$E$1:$X$1,0)):INDEX($E51:$X51,MATCH(Sheet1!$G$2,$E$1:$X$1,0))),"") -> 6
A52: 15 | B52: Ashika Balami | C52: Team Bravo | D52: ASE | E52: N/A | F52: N/A | G52: N/A | H52: N/A | I52: N/A | J52: N/A | K52: N/A | L52: N/A | M52: N/A | N52: N/A | O52: N/A | P52: N/A | Q52: N/A | R52: N/A | S52: N/A | T52: N/A | U52: ='[1]Team Bravo'!C3 -> 9.8 | Y52: =SUM(E52:X52) -> 9.8 | Z52: =IFERROR(AVERAGE(E52:X52),"-") -> 9.8 | AB52: =AB51+1 -> 15 | AC52: {=INDEX(_xlfn.SORTBY($B$38:$B$57,IF(ISNUMBER($Z$38:$Z$57),$Z$38:$Z$57,-1),-1,$Y$38:$Y$57,-1),$AB52)} -> Bishal Joshi | AD52: =INDEX($D$38:$D$57,MATCH($AC52,$B$38:$B$57,0)) -> ASE | AE52: =COUNT(INDEX($E$38:$X$57,MATCH($AC52,$B$38:$B$57,0),0)) -> 17 | AF52: =INDEX($Y$38:$Y$57,MATCH($AC52,$B$38:$B$57,0)) -> 123.355 | AG52: =INDEX($Z$38:$Z$57,MATCH($AC52,$B$38:$B$57,0)) -> 7.2561765 | AH52: =RANK(AG52,$AG$4:$AG$57,0) -> 39 | AJ52: =AJ51+1 -> 15 | AK52: {=INDEX(_xlfn.SORTBY($B$38:$B$57,IF(ISNUMBER($AR$38:$AR$57),$AR$38:$AR$57,-1),-1,$AS$38:$AS$57,-1),$AJ52)} -> Niva Awale | AL52: =INDEX($D$38:$D$57,MATCH($AK52,$B$38:$B$57,0)) -> ASE | AM52: =INDEX($C$38:$C$57,MATCH($AK52,$B$38:$B$57,0)) -> Team Dhangadhi | AN52: =INDEX($AS$38:$AS$57,MATCH($AK52,$B$38:$B$57,0)) -> 6 | AO52: =INDEX($AR$38:$AR$57,MATCH($AK52,$B$38:$B$57,0)) -> 7.9716667 | AP52: =IF(ISNUMBER(AO52),RANK(AO52,$AO$4:$AO$57,0),"-") -> 36 | AR52: =IF(ISNUMBER($A52),IFERROR(AVERAGE(INDEX($E52:$X52,MATCH(Sheet1!$G$3,$E$1:$X$1,0)):INDEX($E52:$X52,MATCH(Sheet1!$G$2,$E$1:$X$1,0))),"-"),"") -> 9.8 | AS52: =IF(ISNUMBER($A52),COUNT(INDEX($E52:$X52,MATCH(Sheet1!$G$3,$E$1:$X$1,0)):INDEX($E52:$X52,MATCH(Sheet1!$G$2,$E$1:$X$1,0))),"") -> 1
A53: 16 | B53: Dilendra Thagunna | C53: AI Team | D53: ASE | E53: N/A | F53: N/A | G53: N/A | H53: N/A | I53: N/A | J53: N/A | K53: N/A | L53: N/A | M53: N/A | N53: N/A | O53: N/A | P53: N/A | Q53: N/A | R53: N/A | S53: N/A | T53: N/A | U53: ='[1]AI Team'!C2 -> 10 | Y53: =SUM(E53:X53) -> 10 | Z53: =IFERROR(AVERAGE(E53:X53),"-") -> 10 | AB53: =AB52+1 -> 16 | AC53: {=INDEX(_xlfn.SORTBY($B$38:$B$57,IF(ISNUMBER($Z$38:$Z$57),$Z$38:$Z$57,-1),-1,$Y$38:$Y$57,-1),$AB53)} -> Aayush Pradhan | AD53: =INDEX($D$38:$D$57,MATCH($AC53,$B$38:$B$57,0)) -> ASE | AE53: =COUNT(INDEX($E$38:$X$57,MATCH($AC53,$B$38:$B$57,0),0)) -> 17 | AF53: =INDEX($Y$38:$Y$57,MATCH($AC53,$B$38:$B$57,0)) -> 121.99 | AG53: =INDEX($Z$38:$Z$57,MATCH($AC53,$B$38:$B$57,0)) -> 7.1758824 | AH53: =RANK(AG53,$AG$4:$AG$57,0) -> 41 | AJ53: =AJ52+1 -> 16 | AK53: {=INDEX(_xlfn.SORTBY($B$38:$B$57,IF(ISNUMBER($AR$38:$AR$57),$AR$38:$AR$57,-1),-1,$AS$38:$AS$57,-1),$AJ53)} -> Dasarath Ayer | AL53: =INDEX($D$38:$D$57,MATCH($AK53,$B$38:$B$57,0)) -> ASE | AM53: =INDEX($C$38:$C$57,MATCH($AK53,$B$38:$B$57,0)) -> Team Dhangadhi | AN53: =INDEX($AS$38:$AS$57,MATCH($AK53,$B$38:$B$57,0)) -> 6 | AO53: =INDEX($AR$38:$AR$57,MATCH($AK53,$B$38:$B$57,0)) -> 7.89 | AP53: =IF(ISNUMBER(AO53),RANK(AO53,$AO$4:$AO$57,0),"-") -> 39 | AR53: =IF(ISNUMBER($A53),IFERROR(AVERAGE(INDEX($E53:$X53,MATCH(Sheet1!$G$3,$E$1:$X$1,0)):INDEX($E53:$X53,MATCH(Sheet1!$G$2,$E$1:$X$1,0))),"-"),"") -> 10 | AS53: =IF(ISNUMBER($A53),COUNT(INDEX($E53:$X53,MATCH(Sheet1!$G$3,$E$1:$X$1,0)):INDEX($E53:$X53,MATCH(Sheet1!$G$2,$E$1:$X$1,0))),"") -> 1
A54: 17 | B54: Rashi Bhatta | C54: DevOps | D54: ASE | E54: N/A | F54: N/A | G54: N/A | H54: N/A | I54: N/A | J54: N/A | K54: N/A | L54: N/A | M54: N/A | N54: N/A | O54: N/A | P54: N/A | Q54: N/A | R54: N/A | S54: N/A | T54: N/A | U54: =[1]DevOps!C5 -> 9.2 | Y54: =SUM(E54:X54) -> 9.2 | Z54: =IFERROR(AVERAGE(E54:X54),"-") -> 9.2 | AB54: =AB53+1 -> 17 | AC54: {=INDEX(_xlfn.SORTBY($B$38:$B$57,IF(ISNUMBER($Z$38:$Z$57),$Z$38:$Z$57,-1),-1,$Y$38:$Y$57,-1),$AB54)} -> Santosh Upadhyay | AD54: =INDEX($D$38:$D$57,MATCH($AC54,$B$38:$B$57,0)) -> ASE | AE54: =COUNT(INDEX($E$38:$X$57,MATCH($AC54,$B$38:$B$57,0),0)) -> 17 | AF54: =INDEX($Y$38:$Y$57,MATCH($AC54,$B$38:$B$57,0)) -> 117.08 | AG54: =INDEX($Z$38:$Z$57,MATCH($AC54,$B$38:$B$57,0)) -> 6.8870588 | AH54: =RANK(AG54,$AG$4:$AG$57,0) -> 43 | AJ54: =AJ53+1 -> 17 | AK54: {=INDEX(_xlfn.SORTBY($B$38:$B$57,IF(ISNUMBER($AR$38:$AR$57),$AR$38:$AR$57,-1),-1,$AS$38:$AS$57,-1),$AJ54)} -> Swayam Ghimire | AL54: =INDEX($D$38:$D$57,MATCH($AK54,$B$38:$B$57,0)) -> ASE | AM54: =INDEX($C$38:$C$57,MATCH($AK54,$B$38:$B$57,0)) -> Team Sanjay | AN54: =INDEX($AS$38:$AS$57,MATCH($AK54,$B$38:$B$57,0)) -> 6 | AO54: =INDEX($AR$38:$AR$57,MATCH($AK54,$B$38:$B$57,0)) -> 7.81 | AP54: =IF(ISNUMBER(AO54),RANK(AO54,$AO$4:$AO$57,0),"-") -> 41 | AR54: =IF(ISNUMBER($A54),IFERROR(AVERAGE(INDEX($E54:$X54,MATCH(Sheet1!$G$3,$E$1:$X$1,0)):INDEX($E54:$X54,MATCH(Sheet1!$G$2,$E$1:$X$1,0))),"-"),"") -> 9.2 | AS54: =IF(ISNUMBER($A54),COUNT(INDEX($E54:$X54,MATCH(Sheet1!$G$3,$E$1:$X$1,0)):INDEX($E54:$X54,MATCH(Sheet1!$G$2,$E$1:$X$1,0))),"") -> 1
A55: 18 | B55: Love Sainju | C55: DevOps | D55: ASE | E55: N/A | F55: N/A | G55: N/A | H55: N/A | I55: N/A | J55: N/A | K55: N/A | L55: N/A | M55: N/A | N55: N/A | O55: N/A | P55: N/A | Q55: N/A | R55: N/A | S55: N/A | T55: N/A | U55: =[1]DevOps!C7 -> 6.5 | Y55: =SUM(E55:X55) -> 6.5 | Z55: =IFERROR(AVERAGE(E55:X55),"-") -> 6.5 | AB55: =AB54+1 -> 18 | AC55: {=INDEX(_xlfn.SORTBY($B$38:$B$57,IF(ISNUMBER($Z$38:$Z$57),$Z$38:$Z$57,-1),-1,$Y$38:$Y$57,-1),$AB55)} -> Dasarath Ayer | AD55: =INDEX($D$38:$D$57,MATCH($AC55,$B$38:$B$57,0)) -> ASE | AE55: =COUNT(INDEX($E$38:$X$57,MATCH($AC55,$B$38:$B$57,0),0)) -> 17 | AF55: =INDEX($Y$38:$Y$57,MATCH($AC55,$B$38:$B$57,0)) -> 115.74 | AG55: =INDEX($Z$38:$Z$57,MATCH($AC55,$B$38:$B$57,0)) -> 6.8082353 | AH55: =RANK(AG55,$AG$4:$AG$57,0) -> 46 | AJ55: =AJ54+1 -> 18 | AK55: {=INDEX(_xlfn.SORTBY($B$38:$B$57,IF(ISNUMBER($AR$38:$AR$57),$AR$38:$AR$57,-1),-1,$AS$38:$AS$57,-1),$AJ55)} -> Santosh Upadhyay | AL55: =INDEX($D$38:$D$57,MATCH($AK55,$B$38:$B$57,0)) -> ASE | AM55: =INDEX($C$38:$C$57,MATCH($AK55,$B$38:$B$57,0)) -> Team Dhangadhi | AN55: =INDEX($AS$38:$AS$57,MATCH($AK55,$B$38:$B$57,0)) -> 6 | AO55: =INDEX($AR$38:$AR$57,MATCH($AK55,$B$38:$B$57,0)) -> 7.5566667 | AP55: =IF(ISNUMBER(AO55),RANK(AO55,$AO$4:$AO$57,0),"-") -> 45 | AR55: =IF(ISNUMBER($A55),IFERROR(AVERAGE(INDEX($E55:$X55,MATCH(Sheet1!$G$3,$E$1:$X$1,0)):INDEX($E55:$X55,MATCH(Sheet1!$G$2,$E$1:$X$1,0))),"-"),"") -> 6.5 | AS55: =IF(ISNUMBER($A55),COUNT(INDEX($E55:$X55,MATCH(Sheet1!$G$3,$E$1:$X$1,0)):INDEX($E55:$X55,MATCH(Sheet1!$G$2,$E$1:$X$1,0))),"") -> 1
A56: 19 | B56: Paru Maharjan | C56: Team Dhangadhi | D56: ASE | E56: N/A | F56: N/A | G56: N/A | H56: N/A | I56: N/A | J56: N/A | K56: N/A | L56: N/A | M56: N/A | N56: N/A | O56: N/A | P56: N/A | Q56: N/A | R56: N/A | S56: N/A | T56: N/A | U56: ='[1]Team Bikash'!C7 -> 6.5 | Y56: =SUM(E56:X56) -> 6.5 | Z56: =IFERROR(AVERAGE(E56:X56),"-") -> 6.5 | AB56: =AB55+1 -> 19 | AC56: {=INDEX(_xlfn.SORTBY($B$38:$B$57,IF(ISNUMBER($Z$38:$Z$57),$Z$38:$Z$57,-1),-1,$Y$38:$Y$57,-1),$AB56)} -> Love Sainju | AD56: =INDEX($D$38:$D$57,MATCH($AC56,$B$38:$B$57,0)) -> ASE | AE56: =COUNT(INDEX($E$38:$X$57,MATCH($AC56,$B$38:$B$57,0),0)) -> 1 | AF56: =INDEX($Y$38:$Y$57,MATCH($AC56,$B$38:$B$57,0)) -> 6.5 | AG56: =INDEX($Z$38:$Z$57,MATCH($AC56,$B$38:$B$57,0)) -> 6.5 | AH56: =RANK(AG56,$AG$4:$AG$57,0) -> 48 | AJ56: =AJ55+1 -> 19 | AK56: {=INDEX(_xlfn.SORTBY($B$38:$B$57,IF(ISNUMBER($AR$38:$AR$57),$AR$38:$AR$57,-1),-1,$AS$38:$AS$57,-1),$AJ56)} -> Love Sainju | AL56: =INDEX($D$38:$D$57,MATCH($AK56,$B$38:$B$57,0)) -> ASE | AM56: =INDEX($C$38:$C$57,MATCH($AK56,$B$38:$B$57,0)) -> DevOps | AN56: =INDEX($AS$38:$AS$57,MATCH($AK56,$B$38:$B$57,0)) -> 1 | AO56: =INDEX($AR$38:$AR$57,MATCH($AK56,$B$38:$B$57,0)) -> 6.5 | AP56: =IF(ISNUMBER(AO56),RANK(AO56,$AO$4:$AO$57,0),"-") -> 48 | AR56: =IF(ISNUMBER($A56),IFERROR(AVERAGE(INDEX($E56:$X56,MATCH(Sheet1!$G$3,$E$1:$X$1,0)):INDEX($E56:$X56,MATCH(Sheet1!$G$2,$E$1:$X$1,0))),"-"),"") -> 6.5 | AS56: =IF(ISNUMBER($A56),COUNT(INDEX($E56:$X56,MATCH(Sheet1!$G$3,$E$1:$X$1,0)):INDEX($E56:$X56,MATCH(Sheet1!$G$2,$E$1:$X$1,0))),"") -> 1
A57: 20 | B57: Dipesh Kayastha | C57: Team Sanjay | D57: ASE | E57: N/A | F57: N/A | G57: N/A | H57: N/A | I57: N/A | J57: N/A | K57: N/A | L57: N/A | M57: N/A | N57: N/A | O57: N/A | P57: N/A | Q57: N/A | R57: N/A | S57: N/A | T57: N/A | U57: ='[1]Team Sanjay'!C2 -> 9.8 | Y57: =SUM(E57:X57) -> 9.8 | Z57: =IFERROR(AVERAGE(E57:X57),"-") -> 9.8 | AB57: =AB56+1 -> 20 | AC57: {=INDEX(_xlfn.SORTBY($B$38:$B$57,IF(ISNUMBER($Z$38:$Z$57),$Z$38:$Z$57,-1),-1,$Y$38:$Y$57,-1),$AB57)} -> Paru Maharjan | AD57: =INDEX($D$38:$D$57,MATCH($AC57,$B$38:$B$57,0)) -> ASE | AE57: =COUNT(INDEX($E$38:$X$57,MATCH($AC57,$B$38:$B$57,0),0)) -> 1 | AF57: =INDEX($Y$38:$Y$57,MATCH($AC57,$B$38:$B$57,0)) -> 6.5 | AG57: =INDEX($Z$38:$Z$57,MATCH($AC57,$B$38:$B$57,0)) -> 6.5 | AH57: =RANK(AG57,$AG$4:$AG$57,0) -> 48 | AJ57: =AJ56+1 -> 20 | AK57: {=INDEX(_xlfn.SORTBY($B$38:$B$57,IF(ISNUMBER($AR$38:$AR$57),$AR$38:$AR$57,-1),-1,$AS$38:$AS$57,-1),$AJ57)} -> Paru Maharjan | AL57: =INDEX($D$38:$D$57,MATCH($AK57,$B$38:$B$57,0)) -> ASE | AM57: =INDEX($C$38:$C$57,MATCH($AK57,$B$38:$B$57,0)) -> Team Dhangadhi | AN57: =INDEX($AS$38:$AS$57,MATCH($AK57,$B$38:$B$57,0)) -> 1 | AO57: =INDEX($AR$38:$AR$57,MATCH($AK57,$B$38:$B$57,0)) -> 6.5 | AP57: =IF(ISNUMBER(AO57),RANK(AO57,$AO$4:$AO$57,0),"-") -> 48 | AR57: =IF(ISNUMBER($A57),IFERROR(AVERAGE(INDEX($E57:$X57,MATCH(Sheet1!$G$3,$E$1:$X$1,0)):INDEX($E57:$X57,MATCH(Sheet1!$G$2,$E$1:$X$1,0))),"-"),"") -> 9.8 | AS57: =IF(ISNUMBER($A57),COUNT(INDEX($E57:$X57,MATCH(Sheet1!$G$3,$E$1:$X$1,0)):INDEX($E57:$X57,MATCH(Sheet1!$G$2,$E$1:$X$1,0))),"") -> 1

Sheet Performance Insights
A1: Performance & Ranking Insights
A2: Live view of all numeric sprint scores on the Compile Sheet (RUN and N/A excluded). Updates automatically as new sprints are entered.
A4: Resources | B4: Overall Avg | C4: Latest Sprint | D4: Latest Sprint Avg | E4: Latest Coverage | F4: Min Sprints for Top 10
A5: =COUNT('Compile Sheet '!$Z$4:$Z$57) -> 49 | B5: =SUM('Compile Sheet '!$Y$4:$Y$57)/SUM('Compile Sheet '!$AE$4:$AE$57) -> 7.7769732 | C5: {=_xlfn.XLOOKUP(TRUE,$O$10:$O$29>0,$M$10:$M$29,"-",0,-1)} -> S138 | D5: =_xlfn.XLOOKUP(C5,$M$10:$M$29,$N$10:$N$29,"-") -> 8.4085106 | E5: =_xlfn.XLOOKUP(C5,$M$10:$M$29,$O$10:$O$29,0)/A5 -> 0.95918367 | F5: 5
A8: Team Summary | H8: Designation Summary | M8: Sprint Trend
A9: Team | B9: People | C9: Score Obs | D9: Total Score | E9: Weighted Avg | F9: Rank | H9: Designation | I9: People | J9: Score Obs | K9: Weighted Avg | M9: Sprint | N9: Average | O9: Participants
A10: DevOps | B10: =COUNTIF('Compile Sheet '!$C$4:$C$57,$A10) -> 7 | C10: {=SUMPRODUCT(('Compile Sheet '!$C$4:$C$57=$A10)*ISNUMBER('Compile Sheet '!$E$4:$X$57))} -> 41 | D10: =SUMIF('Compile Sheet '!$C$4:$C$57,$A10,'Compile Sheet '!$Y$4:$Y$57) -> 367.91 | E10: =IFERROR(D10/C10,0) -> 8.9734146 | F10: =RANK(E10,$E$10:$E$17,0) -> 1 | H10: Team Lead | I10: =COUNTIF('Compile Sheet '!$D$4:$D$57,$H10) -> 6 | J10: {=SUMPRODUCT(('Compile Sheet '!$D$4:$D$57=$H10)*ISNUMBER('Compile Sheet '!$E$4:$X$57))} -> 83 | K10: =IFERROR(SUMIF('Compile Sheet '!$D$4:$D$57,$H10,'Compile Sheet '!$Y$4:$Y$57)/J10,0) -> 8.0404819 | M10: {=INDEX('Compile Sheet '!$E$1:$X$1,ROWS($M$10:M10))} -> S122 | N10: =IFERROR(AVERAGEIFS(INDEX('Compile Sheet '!$E$4:$X$57,0,ROWS($M$10:M10)),'Compile Sheet '!$B$4:$B$57,"<>"),"-") -> 6.831087 | O10: =COUNTIFS(INDEX('Compile Sheet '!$E$4:$X$57,0,ROWS($M$10:M10)),">=0",'Compile Sheet '!$B$4:$B$57,"<>") -> 23
A11: Run Team | B11: =COUNTIF('Compile Sheet '!$C$4:$C$57,$A11) -> 5 | C11: {=SUMPRODUCT(('Compile Sheet '!$C$4:$C$57=$A11)*ISNUMBER('Compile Sheet '!$E$4:$X$57))} -> 70 | D11: =SUMIF('Compile Sheet '!$C$4:$C$57,$A11,'Compile Sheet '!$Y$4:$Y$57) -> 571.2 | E11: =IFERROR(D11/C11,0) -> 8.16 | F11: =RANK(E11,$E$10:$E$17,0) -> 2 | H11: SSE | I11: =COUNTIF('Compile Sheet '!$D$4:$D$57,$H11) -> 7 | J11: {=SUMPRODUCT(('Compile Sheet '!$D$4:$D$57=$H11)*ISNUMBER('Compile Sheet '!$E$4:$X$57))} -> 92 | K11: =IFERROR(SUMIF('Compile Sheet '!$D$4:$D$57,$H11,'Compile Sheet '!$Y$4:$Y$57)/J11,0) -> 7.8157609 | M11: {=INDEX('Compile Sheet '!$E$1:$X$1,ROWS($M$10:M11))} -> S123 | N11: =IFERROR(AVERAGEIFS(INDEX('Compile Sheet '!$E$4:$X$57,0,ROWS($M$10:M11)),'Compile Sheet '!$B$4:$B$57,"<>"),"-") -> 7.2191667 | O11: =COUNTIFS(INDEX('Compile Sheet '!$E$4:$X$57,0,ROWS($M$10:M11)),">=0",'Compile Sheet '!$B$4:$B$57,"<>") -> 24
A12: Team Bravo | B12: =COUNTIF('Compile Sheet '!$C$4:$C$57,$A12) -> 8 | C12: {=SUMPRODUCT(('Compile Sheet '!$C$4:$C$57=$A12)*ISNUMBER('Compile Sheet '!$E$4:$X$57))} -> 107 | D12: =SUMIF('Compile Sheet '!$C$4:$C$57,$A12,'Compile Sheet '!$Y$4:$Y$57) -> 855.59 | E12: =IFERROR(D12/C12,0) -> 7.9961682 | F12: =RANK(E12,$E$10:$E$17,0) -> 4 | H12: SE | I12: =COUNTIF('Compile Sheet '!$D$4:$D$57,$H12) -> 16 | J12: {=SUMPRODUCT(('Compile Sheet '!$D$4:$D$57=$H12)*ISNUMBER('Compile Sheet '!$E$4:$X$57))} -> 188 | K12: =IFERROR(SUMIF('Compile Sheet '!$D$4:$D$57,$H12,'Compile Sheet '!$Y$4:$Y$57)/J12,0) -> 7.7851596 | M12: {=INDEX('Compile Sheet '!$E$1:$X$1,ROWS($M$10:M12))} -> S124 | N12: =IFERROR(AVERAGEIFS(INDEX('Compile Sheet '!$E$4:$X$57,0,ROWS($M$10:M12)),'Compile Sheet '!$B$4:$B$57,"<>"),"-") -> 6.1569565 | O12: =COUNTIFS(INDEX('Compile Sheet '!$E$4:$X$57,0,ROWS($M$10:M12)),">=0",'Compile Sheet '!$B$4:$B$57,"<>") -> 23
A13: Team Sanjay | B13: =COUNTIF('Compile Sheet '!$C$4:$C$57,$A13) -> 6 | C13: {=SUMPRODUCT(('Compile Sheet '!$C$4:$C$57=$A13)*ISNUMBER('Compile Sheet '!$E$4:$X$57))} -> 57 | D13: =SUMIF('Compile Sheet '!$C$4:$C$57,$A13,'Compile Sheet '!$Y$4:$Y$57) -> 436.79 | E13: =IFERROR(D13/C13,0) -> 7.6629825 | F13: =RANK(E13,$E$10:$E$17,0) -> 5 | H13: ASE | I13: =COUNTIF('Compile Sheet '!$D$4:$D$57,$H13) -> 20 | J13: {=SUMPRODUCT(('Compile Sheet '!$D$4:$D$57=$H13)*ISNUMBER('Compile Sheet '!$E$4:$X$57))} -> 197 | K13: =IFERROR(SUMIF('Compile Sheet '!$D$4:$D$57,$H13,'Compile Sheet '!$Y$4:$Y$57)/J13,0) -> 7.6400254 | M13: {=INDEX('Compile Sheet '!$E$1:$X$1,ROWS($M$10:M13))} -> S125 | N13: =IFERROR(AVERAGEIFS(INDEX('Compile Sheet '!$E$4:$X$57,0,ROWS($M$10:M13)),'Compile Sheet '!$B$4:$B$57,"<>"),"-") -> 6.9391304 | O13: =COUNTIFS(INDEX('Compile Sheet '!$E$4:$X$57,0,ROWS($M$10:M13)),">=0",'Compile Sheet '!$B$4:$B$57,"<>") -> 23
A14: Team Bimal | B14: =COUNTIF('Compile Sheet '!$C$4:$C$57,$A14) -> 7 | C14: {=SUMPRODUCT(('Compile Sheet '!$C$4:$C$57=$A14)*ISNUMBER('Compile Sheet '!$E$4:$X$57))} -> 86 | D14: =SUMIF('Compile Sheet '!$C$4:$C$57,$A14,'Compile Sheet '!$Y$4:$Y$57) -> 657.74 | E14: =IFERROR(D14/C14,0) -> 7.6481395 | F14: =RANK(E14,$E$10:$E$17,0) -> 6 | M14: {=INDEX('Compile Sheet '!$E$1:$X$1,ROWS($M$10:M14))} -> S126 | N14: =IFERROR(AVERAGEIFS(INDEX('Compile Sheet '!$E$4:$X$57,0,ROWS($M$10:M14)),'Compile Sheet '!$B$4:$B$57,"<>"),"-") -> 7.1620833 | O14: =COUNTIFS(INDEX('Compile Sheet '!$E$4:$X$57,0,ROWS($M$10:M14)),">=0",'Compile Sheet '!$B$4:$B$57,"<>") -> 24
A15: AI Team | B15: =COUNTIF('Compile Sheet '!$C$4:$C$57,$A15) -> 3 | C15: {=SUMPRODUCT(('Compile Sheet '!$C$4:$C$57=$A15)*ISNUMBER('Compile Sheet '!$E$4:$X$57))} -> 10 | D15: =SUMIF('Compile Sheet '!$C$4:$C$57,$A15,'Compile Sheet '!$Y$4:$Y$57) -> 80.97 | E15: =IFERROR(D15/C15,0) -> 8.097 | F15: =RANK(E15,$E$10:$E$17,0) -> 3 | M15: {=INDEX('Compile Sheet '!$E$1:$X$1,ROWS($M$10:M15))} -> S127 | N15: =IFERROR(AVERAGEIFS(INDEX('Compile Sheet '!$E$4:$X$57,0,ROWS($M$10:M15)),'Compile Sheet '!$B$4:$B$57,"<>"),"-") -> 6.9 | O15: =COUNTIFS(INDEX('Compile Sheet '!$E$4:$X$57,0,ROWS($M$10:M15)),">=0",'Compile Sheet '!$B$4:$B$57,"<>") -> 27
A16: Blaze Warrior | B16: =COUNTIF('Compile Sheet '!$C$4:$C$57,$A16) -> 6 | C16: {=SUMPRODUCT(('Compile Sheet '!$C$4:$C$57=$A16)*ISNUMBER('Compile Sheet '!$E$4:$X$57))} -> 102 | D16: =SUMIF('Compile Sheet '!$C$4:$C$57,$A16,'Compile Sheet '!$Y$4:$Y$57) -> 763.31 | E16: =IFERROR(D16/C16,0) -> 7.4834314 | F16: =RANK(E16,$E$10:$E$17,0) -> 7 | M16: {=INDEX('Compile Sheet '!$E$1:$X$1,ROWS($M$10:M16))} -> S128 | N16: =IFERROR(AVERAGEIFS(INDEX('Compile Sheet '!$E$4:$X$57,0,ROWS($M$10:M16)),'Compile Sheet '!$B$4:$B$57,"<>"),"-") -> 6.5281481 | O16: =COUNTIFS(INDEX('Compile Sheet '!$E$4:$X$57,0,ROWS($M$10:M16)),">=0",'Compile Sheet '!$B$4:$B$57,"<>") -> 27
A17: Team Dhangadhi | B17: =COUNTIF('Compile Sheet '!$C$4:$C$57,$A17) -> 7 | C17: {=SUMPRODUCT(('Compile Sheet '!$C$4:$C$57=$A17)*ISNUMBER('Compile Sheet '!$E$4:$X$57))} -> 87 | D17: =SUMIF('Compile Sheet '!$C$4:$C$57,$A17,'Compile Sheet '!$Y$4:$Y$57) -> 621.595 | E17: =IFERROR(D17/C17,0) -> 7.1447701 | F17: =RANK(E17,$E$10:$E$17,0) -> 8 | M17: {=INDEX('Compile Sheet '!$E$1:$X$1,ROWS($M$10:M17))} -> S129 | N17: =IFERROR(AVERAGEIFS(INDEX('Compile Sheet '!$E$4:$X$57,0,ROWS($M$10:M17)),'Compile Sheet '!$B$4:$B$57,"<>"),"-") -> 7.11 | O17: =COUNTIFS(INDEX('Compile Sheet '!$E$4:$X$57,0,ROWS($M$10:M17)),">=0",'Compile Sheet '!$B$4:$B$57,"<>") -> 32
M18: {=INDEX('Compile Sheet '!$E$1:$X$1,ROWS($M$10:M18))} -> S130 | N18: =IFERROR(AVERAGEIFS(INDEX('Compile Sheet '!$E$4:$X$57,0,ROWS($M$10:M18)),'Compile Sheet '!$B$4:$B$57,"<>"),"-") -> 6.598 | O18: =COUNTIFS(INDEX('Compile Sheet '!$E$4:$X$57,0,ROWS($M$10:M18)),">=0",'Compile Sheet '!$B$4:$B$57,"<>") -> 30
A19: Top 10 Performers (min sprints per F5) | M19: {=INDEX('Compile Sheet '!$E$1:$X$1,ROWS($M$10:M19))} -> S131 | N19: =IFERROR(AVERAGEIFS(INDEX('Compile Sheet '!$E$4:$X$57,0,ROWS($M$10:M19)),'Compile Sheet '!$B$4:$B$57,"<>"),"-") -> 8.3016216 | O19: =COUNTIFS(INDEX('Compile Sheet '!$E$4:$X$57,0,ROWS($M$10:M19)),">=0",'Compile Sheet '!$B$4:$B$57,"<>") -> 37
A20: # | B20: Name | C20: Designation | D20: Team | E20: Sprints | F20: Avg Score | M20: {=INDEX('Compile Sheet '!$E$1:$X$1,ROWS($M$10:M20))} -> S132 | N20: =IFERROR(AVERAGEIFS(INDEX('Compile Sheet '!$E$4:$X$57,0,ROWS($M$10:M20)),'Compile Sheet '!$B$4:$B$57,"<>"),"-") -> 8.5 | O20: =COUNTIFS(INDEX('Compile Sheet '!$E$4:$X$57,0,ROWS($M$10:M20)),">=0",'Compile Sheet '!$B$4:$B$57,"<>") -> 38
A21: 1 | B21: {=IFERROR(INDEX(_xlfn.SORTBY(_xlfn._xlws.FILTER('Compile Sheet '!$AC$4:$AC$57,(ISNUMBER('Compile Sheet '!$AE$4:$AE$57)*('Compile Sheet '!$AE$4:$AE$57>=$F$5))),_xlfn._xlws.FILTER('Compile Sheet '!$AG$4:$AG$57,(ISNUMBER('Compile Sheet '!$AE$4:$AE$57)*('Compile Sheet '!$AE$4:$AE$57>=$F$5))),-1),$A21),"")} -> Niba Tandukar | C21: =IF(B21="","",_xlfn.XLOOKUP(B21,'Compile Sheet '!$B$4:$B$57,'Compile Sheet '!$D$4:$D$57)) -> Team Lead | D21: =IF(B21="","",_xlfn.XLOOKUP(B21,'Compile Sheet '!$B$4:$B$57,'Compile Sheet '!$C$4:$C$57)) -> DevOps | E21: =IF(B21="","",_xlfn.XLOOKUP(B21,'Compile Sheet '!$AC$4:$AC$57,'Compile Sheet '!$AE$4:$AE$57)) -> 10 | F21: =IF(B21="","",_xlfn.XLOOKUP(B21,'Compile Sheet '!$AC$4:$AC$57,'Compile Sheet '!$AG$4:$AG$57)) -> 9.526 | M21: {=INDEX('Compile Sheet '!$E$1:$X$1,ROWS($M$10:M21))} -> S133 | N21: =IFERROR(AVERAGEIFS(INDEX('Compile Sheet '!$E$4:$X$57,0,ROWS($M$10:M21)),'Compile Sheet '!$B$4:$B$57,"<>"),"-") -> 8.6507317 | O21: =COUNTIFS(INDEX('Compile Sheet '!$E$4:$X$57,0,ROWS($M$10:M21)),">=0",'Compile Sheet '!$B$4:$B$57,"<>") -> 41
A22: 2 | B22: {=IFERROR(INDEX(_xlfn.SORTBY(_xlfn._xlws.FILTER('Compile Sheet '!$AC$4:$AC$57,(ISNUMBER('Compile Sheet '!$AE$4:$AE$57)*('Compile Sheet '!$AE$4:$AE$57>=$F$5))),_xlfn._xlws.FILTER('Compile Sheet '!$AG$4:$AG$57,(ISNUMBER('Compile Sheet '!$AE$4:$AE$57)*('Compile Sheet '!$AE$4:$AE$57>=$F$5))),-1),$A22),"")} -> Sajjan Khanal | C22: =IF(B22="","",_xlfn.XLOOKUP(B22,'Compile Sheet '!$B$4:$B$57,'Compile Sheet '!$D$4:$D$57)) -> SE | D22: =IF(B22="","",_xlfn.XLOOKUP(B22,'Compile Sheet '!$B$4:$B$57,'Compile Sheet '!$C$4:$C$57)) -> DevOps | E22: =IF(B22="","",_xlfn.XLOOKUP(B22,'Compile Sheet '!$AC$4:$AC$57,'Compile Sheet '!$AE$4:$AE$57)) -> 9 | F22: =IF(B22="","",_xlfn.XLOOKUP(B22,'Compile Sheet '!$AC$4:$AC$57,'Compile Sheet '!$AG$4:$AG$57)) -> 8.9955556 | M22: {=INDEX('Compile Sheet '!$E$1:$X$1,ROWS($M$10:M22))} -> S134 | N22: =IFERROR(AVERAGEIFS(INDEX('Compile Sheet '!$E$4:$X$57,0,ROWS($M$10:M22)),'Compile Sheet '!$B$4:$B$57,"<>"),"-") -> 8.6056098 | O22: =COUNTIFS(INDEX('Compile Sheet '!$E$4:$X$57,0,ROWS($M$10:M22)),">=0",'Compile Sheet '!$B$4:$B$57,"<>") -> 41
A23: 3 | B23: {=IFERROR(INDEX(_xlfn.SORTBY(_xlfn._xlws.FILTER('Compile Sheet '!$AC$4:$AC$57,(ISNUMBER('Compile Sheet '!$AE$4:$AE$57)*('Compile Sheet '!$AE$4:$AE$57>=$F$5))),_xlfn._xlws.FILTER('Compile Sheet '!$AG$4:$AG$57,(ISNUMBER('Compile Sheet '!$AE$4:$AE$57)*('Compile Sheet '!$AE$4:$AE$57>=$F$5))),-1),$A23),"")} -> Jeevan Joshi | C23: =IF(B23="","",_xlfn.XLOOKUP(B23,'Compile Sheet '!$B$4:$B$57,'Compile Sheet '!$D$4:$D$57)) -> SE | D23: =IF(B23="","",_xlfn.XLOOKUP(B23,'Compile Sheet '!$B$4:$B$57,'Compile Sheet '!$C$4:$C$57)) -> Run Team | E23: =IF(B23="","",_xlfn.XLOOKUP(B23,'Compile Sheet '!$AC$4:$AC$57,'Compile Sheet '!$AE$4:$AE$57)) -> 9 | F23: =IF(B23="","",_xlfn.XLOOKUP(B23,'Compile Sheet '!$AC$4:$AC$57,'Compile Sheet '!$AG$4:$AG$57)) -> 8.9777778 | M23: {=INDEX('Compile Sheet '!$E$1:$X$1,ROWS($M$10:M23))} -> S135 | N23: =IFERROR(AVERAGEIFS(INDEX('Compile Sheet '!$E$4:$X$57,0,ROWS($M$10:M23)),'Compile Sheet '!$B$4:$B$57,"<>"),"-") -> 8.3831707 | O23: =COUNTIFS(INDEX('Compile Sheet '!$E$4:$X$57,0,ROWS($M$10:M23)),">=0",'Compile Sheet '!$B$4:$B$57,"<>") -> 41
A24: 4 | B24: {=IFERROR(INDEX(_xlfn.SORTBY(_xlfn._xlws.FILTER('Compile Sheet '!$AC$4:$AC$57,(ISNUMBER('Compile Sheet '!$AE$4:$AE$57)*('Compile Sheet '!$AE$4:$AE$57>=$F$5))),_xlfn._xlws.FILTER('Compile Sheet '!$AG$4:$AG$57,(ISNUMBER('Compile Sheet '!$AE$4:$AE$57)*('Compile Sheet '!$AE$4:$AE$57>=$F$5))),-1),$A24),"")} -> Soniya Sharma | C24: =IF(B24="","",_xlfn.XLOOKUP(B24,'Compile Sheet '!$B$4:$B$57,'Compile Sheet '!$D$4:$D$57)) -> ASE | D24: =IF(B24="","",_xlfn.XLOOKUP(B24,'Compile Sheet '!$B$4:$B$57,'Compile Sheet '!$C$4:$C$57)) -> DevOps | E24: =IF(B24="","",_xlfn.XLOOKUP(B24,'Compile Sheet '!$AC$4:$AC$57,'Compile Sheet '!$AE$4:$AE$57)) -> 9 | F24: =IF(B24="","",_xlfn.XLOOKUP(B24,'Compile Sheet '!$AC$4:$AC$57,'Compile Sheet '!$AG$4:$AG$57)) -> 8.9133333 | M24: {=INDEX('Compile Sheet '!$E$1:$X$1,ROWS($M$10:M24))} -> S136 | N24: =IFERROR(AVERAGEIFS(INDEX('Compile Sheet '!$E$4:$X$57,0,ROWS($M$10:M24)),'Compile Sheet '!$B$4:$B$57,"<>"),"-") -> 8.4153659 | O24: =COUNTIFS(INDEX('Compile Sheet '!$E$4:$X$57,0,ROWS($M$10:M24)),">=0",'Compile Sheet '!$B$4:$B$57,"<>") -> 41
A25: 5 | B25: {=IFERROR(INDEX(_xlfn.SORTBY(_xlfn._xlws.FILTER('Compile Sheet '!$AC$4:$AC$57,(ISNUMBER('Compile Sheet '!$AE$4:$AE$57)*('Compile Sheet '!$AE$4:$AE$57>=$F$5))),_xlfn._xlws.FILTER('Compile Sheet '!$AG$4:$AG$57,(ISNUMBER('Compile Sheet '!$AE$4:$AE$57)*('Compile Sheet '!$AE$4:$AE$57>=$F$5))),-1),$A25),"")} -> Bishal Stha | C25: =IF(B25="","",_xlfn.XLOOKUP(B25,'Compile Sheet '!$B$4:$B$57,'Compile Sheet '!$D$4:$D$57)) -> Team Lead | D25: =IF(B25="","",_xlfn.XLOOKUP(B25,'Compile Sheet '!$B$4:$B$57,'Compile Sheet '!$C$4:$C$57)) -> Team Bravo | E25: =IF(B25="","",_xlfn.XLOOKUP(B25,'Compile Sheet '!$AC$4:$AC$57,'Compile Sheet '!$AE$4:$AE$57)) -> 14 | F25: =IF(B25="","",_xlfn.XLOOKUP(B25,'Compile Sheet '!$AC$4:$AC$57,'Compile Sheet '!$AG$4:$AG$57)) -> 8.8864286 | M25: {=INDEX('Compile Sheet '!$E$1:$X$1,ROWS($M$10:M25))} -> S137 | N25: =IFERROR(AVERAGEIFS(INDEX('Compile Sheet '!$E$4:$X$57,0,ROWS($M$10:M25)),'Compile Sheet '!$B$4:$B$57,"<>"),"-") -> 8.3414634 | O25: =COUNTIFS(INDEX('Compile Sheet '!$E$4:$X$57,0,ROWS($M$10:M25)),">=0",'Compile Sheet '!$B$4:$B$57,"<>") -> 41
A26: 6 | B26: {=IFERROR(INDEX(_xlfn.SORTBY(_xlfn._xlws.FILTER('Compile Sheet '!$AC$4:$AC$57,(ISNUMBER('Compile Sheet '!$AE$4:$AE$57)*('Compile Sheet '!$AE$4:$AE$57>=$F$5))),_xlfn._xlws.FILTER('Compile Sheet '!$AG$4:$AG$57,(ISNUMBER('Compile Sheet '!$AE$4:$AE$57)*('Compile Sheet '!$AE$4:$AE$57>=$F$5))),-1),$A26),"")} -> Ravi Gupta | C26: =IF(B26="","",_xlfn.XLOOKUP(B26,'Compile Sheet '!$B$4:$B$57,'Compile Sheet '!$D$4:$D$57)) -> SSE | D26: =IF(B26="","",_xlfn.XLOOKUP(B26,'Compile Sheet '!$B$4:$B$57,'Compile Sheet '!$C$4:$C$57)) -> DevOps | E26: =IF(B26="","",_xlfn.XLOOKUP(B26,'Compile Sheet '!$AC$4:$AC$57,'Compile Sheet '!$AE$4:$AE$57)) -> 10 | F26: =IF(B26="","",_xlfn.XLOOKUP(B26,'Compile Sheet '!$AC$4:$AC$57,'Compile Sheet '!$AG$4:$AG$57)) -> 8.677 | M26: {=INDEX('Compile Sheet '!$E$1:$X$1,ROWS($M$10:M26))} -> S138 | N26: =IFERROR(AVERAGEIFS(INDEX('Compile Sheet '!$E$4:$X$57,0,ROWS($M$10:M26)),'Compile Sheet '!$B$4:$B$57,"<>"),"-") -> 8.4085106 | O26: =COUNTIFS(INDEX('Compile Sheet '!$E$4:$X$57,0,ROWS($M$10:M26)),">=0",'Compile Sheet '!$B$4:$B$57,"<>") -> 47
A27: 7 | B27: {=IFERROR(INDEX(_xlfn.SORTBY(_xlfn._xlws.FILTER('Compile Sheet '!$AC$4:$AC$57,(ISNUMBER('Compile Sheet '!$AE$4:$AE$57)*('Compile Sheet '!$AE$4:$AE$57>=$F$5))),_xlfn._xlws.FILTER('Compile Sheet '!$AG$4:$AG$57,(ISNUMBER('Compile Sheet '!$AE$4:$AE$57)*('Compile Sheet '!$AE$4:$AE$57>=$F$5))),-1),$A27),"")} -> Dipak Raj Giri | C27: =IF(B27="","",_xlfn.XLOOKUP(B27,'Compile Sheet '!$B$4:$B$57,'Compile Sheet '!$D$4:$D$57)) -> ASE | D27: =IF(B27="","",_xlfn.XLOOKUP(B27,'Compile Sheet '!$B$4:$B$57,'Compile Sheet '!$C$4:$C$57)) -> Team Bimal | E27: =IF(B27="","",_xlfn.XLOOKUP(B27,'Compile Sheet '!$AC$4:$AC$57,'Compile Sheet '!$AE$4:$AE$57)) -> 6 | F27: =IF(B27="","",_xlfn.XLOOKUP(B27,'Compile Sheet '!$AC$4:$AC$57,'Compile Sheet '!$AG$4:$AG$57)) -> 8.6016667 | M27: {=INDEX('Compile Sheet '!$E$1:$X$1,ROWS($M$10:M27))} -> S139 | N27: =IFERROR(AVERAGEIFS(INDEX('Compile Sheet '!$E$4:$X$57,0,ROWS($M$10:M27)),'Compile Sheet '!$B$4:$B$57,"<>"),"-") -> - | O27: =COUNTIFS(INDEX('Compile Sheet '!$E$4:$X$57,0,ROWS($M$10:M27)),">=0",'Compile Sheet '!$B$4:$B$57,"<>") -> 0
A28: 8 | B28: {=IFERROR(INDEX(_xlfn.SORTBY(_xlfn._xlws.FILTER('Compile Sheet '!$AC$4:$AC$57,(ISNUMBER('Compile Sheet '!$AE$4:$AE$57)*('Compile Sheet '!$AE$4:$AE$57>=$F$5))),_xlfn._xlws.FILTER('Compile Sheet '!$AG$4:$AG$57,(ISNUMBER('Compile Sheet '!$AE$4:$AE$57)*('Compile Sheet '!$AE$4:$AE$57>=$F$5))),-1),$A28),"")} -> Shreeya Shakya | C28: =IF(B28="","",_xlfn.XLOOKUP(B28,'Compile Sheet '!$B$4:$B$57,'Compile Sheet '!$D$4:$D$57)) -> SE | D28: =IF(B28="","",_xlfn.XLOOKUP(B28,'Compile Sheet '!$B$4:$B$57,'Compile Sheet '!$C$4:$C$57)) -> Team Bravo | E28: =IF(B28="","",_xlfn.XLOOKUP(B28,'Compile Sheet '!$AC$4:$AC$57,'Compile Sheet '!$AE$4:$AE$57)) -> 17 | F28: =IF(B28="","",_xlfn.XLOOKUP(B28,'Compile Sheet '!$AC$4:$AC$57,'Compile Sheet '!$AG$4:$AG$57)) -> 8.5182353 | M28: {=INDEX('Compile Sheet '!$E$1:$X$1,ROWS($M$10:M28))} -> S140 | N28: =IFERROR(AVERAGEIFS(INDEX('Compile Sheet '!$E$4:$X$57,0,ROWS($M$10:M28)),'Compile Sheet '!$B$4:$B$57,"<>"),"-") -> - | O28: =COUNTIFS(INDEX('Compile Sheet '!$E$4:$X$57,0,ROWS($M$10:M28)),">=0",'Compile Sheet '!$B$4:$B$57,"<>") -> 0
A29: 9 | B29: {=IFERROR(INDEX(_xlfn.SORTBY(_xlfn._xlws.FILTER('Compile Sheet '!$AC$4:$AC$57,(ISNUMBER('Compile Sheet '!$AE$4:$AE$57)*('Compile Sheet '!$AE$4:$AE$57>=$F$5))),_xlfn._xlws.FILTER('Compile Sheet '!$AG$4:$AG$57,(ISNUMBER('Compile Sheet '!$AE$4:$AE$57)*('Compile Sheet '!$AE$4:$AE$57>=$F$5))),-1),$A29),"")} -> Ramita Shrestha | C29: =IF(B29="","",_xlfn.XLOOKUP(B29,'Compile Sheet '!$B$4:$B$57,'Compile Sheet '!$D$4:$D$57)) -> ASE | D29: =IF(B29="","",_xlfn.XLOOKUP(B29,'Compile Sheet '!$B$4:$B$57,'Compile Sheet '!$C$4:$C$57)) -> Team Bimal | E29: =IF(B29="","",_xlfn.XLOOKUP(B29,'Compile Sheet '!$AC$4:$AC$57,'Compile Sheet '!$AE$4:$AE$57)) -> 12 | F29: =IF(B29="","",_xlfn.XLOOKUP(B29,'Compile Sheet '!$AC$4:$AC$57,'Compile Sheet '!$AG$4:$AG$57)) -> 8.3625 | M29: {=INDEX('Compile Sheet '!$E$1:$X$1,ROWS($M$10:M29))} -> S141 | N29: =IFERROR(AVERAGEIFS(INDEX('Compile Sheet '!$E$4:$X$57,0,ROWS($M$10:M29)),'Compile Sheet '!$B$4:$B$57,"<>"),"-") -> - | O29: =COUNTIFS(INDEX('Compile Sheet '!$E$4:$X$57,0,ROWS($M$10:M29)),">=0",'Compile Sheet '!$B$4:$B$57,"<>") -> 0
A30: 10 | B30: {=IFERROR(INDEX(_xlfn.SORTBY(_xlfn._xlws.FILTER('Compile Sheet '!$AC$4:$AC$57,(ISNUMBER('Compile Sheet '!$AE$4:$AE$57)*('Compile Sheet '!$AE$4:$AE$57>=$F$5))),_xlfn._xlws.FILTER('Compile Sheet '!$AG$4:$AG$57,(ISNUMBER('Compile Sheet '!$AE$4:$AE$57)*('Compile Sheet '!$AE$4:$AE$57>=$F$5))),-1),$A30),"")} -> Rashik Shrestha | C30: =IF(B30="","",_xlfn.XLOOKUP(B30,'Compile Sheet '!$B$4:$B$57,'Compile Sheet '!$D$4:$D$57)) -> SE | D30: =IF(B30="","",_xlfn.XLOOKUP(B30,'Compile Sheet '!$B$4:$B$57,'Compile Sheet '!$C$4:$C$57)) -> Run Team | E30: =IF(B30="","",_xlfn.XLOOKUP(B30,'Compile Sheet '!$AC$4:$AC$57,'Compile Sheet '!$AE$4:$AE$57)) -> 15 | F30: =IF(B30="","",_xlfn.XLOOKUP(B30,'Compile Sheet '!$AC$4:$AC$57,'Compile Sheet '!$AG$4:$AG$57)) -> 8.29
A32: Interpretation
A33: ="Top established performer (≥"&$F$5&" sprints): "&B21&" ("&D21&") at "&TEXT(F21,"0.00")&" over "&E21&" sprints. Overall #1 by raw average: "&INDEX('Compile Sheet '!$AC$4:$AC$57,MATCH(1,'Compile Sheet '!$AH$4:$AH$57,0))&" at "&TEXT(INDEX('Compile Sheet '!$AG$4:$AG$57,MATCH(1,'Compile Sheet '!$AH$4:$AH$57,0)),"0.00")&" over "&INDEX('Compile Sheet '!$AE$4:$AE$57,MATCH(1,'Compile Sheet '!$AH$4:$AH$57,0))&" sprint(s). Leading team: "&INDEX($A$10:$A$17,MATCH(1,$F$10:$F$17,0))&" at "&TEXT(INDEX($E$10:$E$17,MATCH(1,$F$10:$F$17,0)),"0.00")&". Latest sprint "&$C$5&" averaged "&TEXT($D$5,"0.00")&" with "&TEXT($E$5,"0%")&" coverage." -> Top established performer (≥5 sprints): Niba Tandukar (DevOps) at 9.53 over 10 sprints. Overall #1 by raw average: Dilendra Thagunna at 10.00 over 1 sprint(s). Leading team: DevOps at 8.97. Latest sprint S138 averaged 8.41 with 96% coverage.

Sheet Sheet1
A1: Name | B1: Team | C1: ="Average ("&G3&"–"&G2&")" -> Average (S133–S138) | D1: Compile Sheet Name | F1: Sprints in average | G1: 6
A2: Bimal Sharma - Team Lead | B2: Bimal | C2: {=IF(D2="","",IFERROR(AVERAGE(INDEX('Compile Sheet '!$E$4:$X$57,MATCH(TRIM(D2),TRIM('Compile Sheet '!$B$4:$B$57),0),MATCH($G$3,'Compile Sheet '!$E$1:$X$1,0)):INDEX('Compile Sheet '!$E$4:$X$57,MATCH(TRIM(D2),TRIM('Compile Sheet '!$B$4:$B$57),0),MATCH($G$2,'Compile Sheet '!$E$1:$X$1,0))),"No data"))} -> 7.8733333 | D2: Bimal Sharma | F2: Latest sprint | G2: ='Performance Insights'!C5 -> S138
A3: Ram Chandra Dahal - SSE | B3: Bimal | C3: {=IF(D3="","",IFERROR(AVERAGE(INDEX('Compile Sheet '!$E$4:$X$57,MATCH(TRIM(D3),TRIM('Compile Sheet '!$B$4:$B$57),0),MATCH($G$3,'Compile Sheet '!$E$1:$X$1,0)):INDEX('Compile Sheet '!$E$4:$X$57,MATCH(TRIM(D3),TRIM('Compile Sheet '!$B$4:$B$57),0),MATCH($G$2,'Compile Sheet '!$E$1:$X$1,0))),"No data"))} -> 8.7833333 | D3: Ram Chandra Dahal | F3: From sprint | G3: {=INDEX('Compile Sheet '!$E$1:$X$1,MAX(1,MATCH(G2,'Compile Sheet '!$E$1:$X$1,0)-G1+1))} -> S133
A4: Anish Gho Shrestha- SE | B4: Bimal | C4: {=IF(D4="","",IFERROR(AVERAGE(INDEX('Compile Sheet '!$E$4:$X$57,MATCH(TRIM(D4),TRIM('Compile Sheet '!$B$4:$B$57),0),MATCH($G$3,'Compile Sheet '!$E$1:$X$1,0)):INDEX('Compile Sheet '!$E$4:$X$57,MATCH(TRIM(D4),TRIM('Compile Sheet '!$B$4:$B$57),0),MATCH($G$2,'Compile Sheet '!$E$1:$X$1,0))),"No data"))} -> 8.12 | D4: Anish Gho Shrestha | F4: Window | G4: =G3&" – "&G2 -> S133 – S138
A5: Dipak Raj Giri- ASE | B5: Bimal | C5: {=IF(D5="","",IFERROR(AVERAGE(INDEX('Compile Sheet '!$E$4:$X$57,MATCH(TRIM(D5),TRIM('Compile Sheet '!$B$4:$B$57),0),MATCH($G$3,'Compile Sheet '!$E$1:$X$1,0)):INDEX('Compile Sheet '!$E$4:$X$57,MATCH(TRIM(D5),TRIM('Compile Sheet '!$B$4:$B$57),0),MATCH($G$2,'Compile Sheet '!$E$1:$X$1,0))),"No data"))} -> 8.6016667 | D5: Dipak Raj Giri
A6: Apekshya Bam - Ass. QA | B6: Bimal | C6: {=IF(D6="","",IFERROR(AVERAGE(INDEX('Compile Sheet '!$E$4:$X$57,MATCH(TRIM(D6),TRIM('Compile Sheet '!$B$4:$B$57),0),MATCH($G$3,'Compile Sheet '!$E$1:$X$1,0)):INDEX('Compile Sheet '!$E$4:$X$57,MATCH(TRIM(D6),TRIM('Compile Sheet '!$B$4:$B$57),0),MATCH($G$2,'Compile Sheet '!$E$1:$X$1,0))),"No data"))} -> 8.895 | D6: Apekshya Bam
A7: Ramita Shrestha - ASE BA | B7: Bimal | C7: {=IF(D7="","",IFERROR(AVERAGE(INDEX('Compile Sheet '!$E$4:$X$57,MATCH(TRIM(D7),TRIM('Compile Sheet '!$B$4:$B$57),0),MATCH($G$3,'Compile Sheet '!$E$1:$X$1,0)):INDEX('Compile Sheet '!$E$4:$X$57,MATCH(TRIM(D7),TRIM('Compile Sheet '!$B$4:$B$57),0),MATCH($G$2,'Compile Sheet '!$E$1:$X$1,0))),"No data"))} -> 9.1216667 | D7: Ramita Shrestha
A8: B.K. Krishna Magar - SSE | B8: Bimal | C8: {=IF(D8="","",IFERROR(AVERAGE(INDEX('Compile Sheet '!$E$4:$X$57,MATCH(TRIM(D8),TRIM('Compile Sheet '!$B$4:$B$57),0),MATCH($G$3,'Compile Sheet '!$E$1:$X$1,0)):INDEX('Compile Sheet '!$E$4:$X$57,MATCH(TRIM(D8),TRIM('Compile Sheet '!$B$4:$B$57),0),MATCH($G$2,'Compile Sheet '!$E$1:$X$1,0))),"No data"))} -> 7.905 | D8: BK Krishna Magar
C9: {=IF(D9="","",IFERROR(AVERAGE(INDEX('Compile Sheet '!$E$4:$X$57,MATCH(TRIM(D9),TRIM('Compile Sheet '!$B$4:$B$57),0),MATCH($G$3,'Compile Sheet '!$E$1:$X$1,0)):INDEX('Compile Sheet '!$E$4:$X$57,MATCH(TRIM(D9),TRIM('Compile Sheet '!$B$4:$B$57),0),MATCH($G$2,'Compile Sheet '!$E$1:$X$1,0))),"No data"))}
A10: Sanjay Khadka- Team Lead | C10: {=IF(D10="","",IFERROR(AVERAGE(INDEX('Compile Sheet '!$E$4:$X$57,MATCH(TRIM(D10),TRIM('Compile Sheet '!$B$4:$B$57),0),MATCH($G$3,'Compile Sheet '!$E$1:$X$1,0)):INDEX('Compile Sheet '!$E$4:$X$57,MATCH(TRIM(D10),TRIM('Compile Sheet '!$B$4:$B$57),0),MATCH($G$2,'Compile Sheet '!$E$1:$X$1,0))),"No data"))} -> 7.72 | D10: Sanjay Khadka
A11: Aayush Puri- SE | B11: Sanjay | C11: {=IF(D11="","",IFERROR(AVERAGE(INDEX('Compile Sheet '!$E$4:$X$57,MATCH(TRIM(D11),TRIM('Compile Sheet '!$B$4:$B$57),0),MATCH($G$3,'Compile Sheet '!$E$1:$X$1,0)):INDEX('Compile Sheet '!$E$4:$X$57,MATCH(TRIM(D11),TRIM('Compile Sheet '!$B$4:$B$57),0),MATCH($G$2,'Compile Sheet '!$E$1:$X$1,0))),"No data"))} -> 7.4216667 | D11: Aayush Puri
A12: Prajjwal Pandey - SE Data Engineer | B12: Sanjay | C12: {=IF(D12="","",IFERROR(AVERAGE(INDEX('Compile Sheet '!$E$4:$X$57,MATCH(TRIM(D12),TRIM('Compile Sheet '!$B$4:$B$57),0),MATCH($G$3,'Compile Sheet '!$E$1:$X$1,0)):INDEX('Compile Sheet '!$E$4:$X$57,MATCH(TRIM(D12),TRIM('Compile Sheet '!$B$4:$B$57),0),MATCH($G$2,'Compile Sheet '!$E$1:$X$1,0))),"No data"))} -> 8.4216667 | D12: Prajjwal Pandey
A13: Swayam Ghimire- ASE | B13: Sanjay | C13: {=IF(D13="","",IFERROR(AVERAGE(INDEX('Compile Sheet '!$E$4:$X$57,MATCH(TRIM(D13),TRIM('Compile Sheet '!$B$4:$B$57),0),MATCH($G$3,'Compile Sheet '!$E$1:$X$1,0)):INDEX('Compile Sheet '!$E$4:$X$57,MATCH(TRIM(D13),TRIM('Compile Sheet '!$B$4:$B$57),0),MATCH($G$2,'Compile Sheet '!$E$1:$X$1,0))),"No data"))} -> 7.81 | D13: Swayam Ghimire
A14: Aayush Pradhan- ASE | B14: Sanjay | C14: {=IF(D14="","",IFERROR(AVERAGE(INDEX('Compile Sheet '!$E$4:$X$57,MATCH(TRIM(D14),TRIM('Compile Sheet '!$B$4:$B$57),0),MATCH($G$3,'Compile Sheet '!$E$1:$X$1,0)):INDEX('Compile Sheet '!$E$4:$X$57,MATCH(TRIM(D14),TRIM('Compile Sheet '!$B$4:$B$57),0),MATCH($G$2,'Compile Sheet '!$E$1:$X$1,0))),"No data"))} -> 8.6666667 | D14: Aayush Pradhan
A15: Niva Rani Awale- ASE BA | B15: Sanjay | C15: {=IF(D15="","",IFERROR(AVERAGE(INDEX('Compile Sheet '!$E$4:$X$57,MATCH(TRIM(D15),TRIM('Compile Sheet '!$B$4:$B$57),0),MATCH($G$3,'Compile Sheet '!$E$1:$X$1,0)):INDEX('Compile Sheet '!$E$4:$X$57,MATCH(TRIM(D15),TRIM('Compile Sheet '!$B$4:$B$57),0),MATCH($G$2,'Compile Sheet '!$E$1:$X$1,0))),"No data"))} -> 7.9716667 | D15: Niva Awale
C16: {=IF(D16="","",IFERROR(AVERAGE(INDEX('Compile Sheet '!$E$4:$X$57,MATCH(TRIM(D16),TRIM('Compile Sheet '!$B$4:$B$57),0),MATCH($G$3,'Compile Sheet '!$E$1:$X$1,0)):INDEX('Compile Sheet '!$E$4:$X$57,MATCH(TRIM(D16),TRIM('Compile Sheet '!$B$4:$B$57),0),MATCH($G$2,'Compile Sheet '!$E$1:$X$1,0))),"No data"))}
A17: Bikash Bhandari - Team Lead | B17: Dhangadhi | C17: {=IF(D17="","",IFERROR(AVERAGE(INDEX('Compile Sheet '!$E$4:$X$57,MATCH(TRIM(D17),TRIM('Compile Sheet '!$B$4:$B$57),0),MATCH($G$3,'Compile Sheet '!$E$1:$X$1,0)):INDEX('Compile Sheet '!$E$4:$X$57,MATCH(TRIM(D17),TRIM('Compile Sheet '!$B$4:$B$57),0),MATCH($G$2,'Compile Sheet '!$E$1:$X$1,0))),"No data"))} -> 7.0666667 | D17: Bikash Bhandari
A18: Ankit Belal - SE | B18: Dhangadhi | C18: {=IF(D18="","",IFERROR(AVERAGE(INDEX('Compile Sheet '!$E$4:$X$57,MATCH(TRIM(D18),TRIM('Compile Sheet '!$B$4:$B$57),0),MATCH($G$3,'Compile Sheet '!$E$1:$X$1,0)):INDEX('Compile Sheet '!$E$4:$X$57,MATCH(TRIM(D18),TRIM('Compile Sheet '!$B$4:$B$57),0),MATCH($G$2,'Compile Sheet '!$E$1:$X$1,0))),"No data"))} -> 8.745 | D18: Ankit Belal
A19: Dashrath Ayer- ASE | B19: Dhangadhi | C19: {=IF(D19="","",IFERROR(AVERAGE(INDEX('Compile Sheet '!$E$4:$X$57,MATCH(TRIM(D19),TRIM('Compile Sheet '!$B$4:$B$57),0),MATCH($G$3,'Compile Sheet '!$E$1:$X$1,0)):INDEX('Compile Sheet '!$E$4:$X$57,MATCH(TRIM(D19),TRIM('Compile Sheet '!$B$4:$B$57),0),MATCH($G$2,'Compile Sheet '!$E$1:$X$1,0))),"No data"))} -> 7.89 | D19: Dasarath Ayer
A20: Santosh Upadhyay- ASE | B20: Dhangadhi | C20: {=IF(D20="","",IFERROR(AVERAGE(INDEX('Compile Sheet '!$E$4:$X$57,MATCH(TRIM(D20),TRIM('Compile Sheet '!$B$4:$B$57),0),MATCH($G$3,'Compile Sheet '!$E$1:$X$1,0)):INDEX('Compile Sheet '!$E$4:$X$57,MATCH(TRIM(D20),TRIM('Compile Sheet '!$B$4:$B$57),0),MATCH($G$2,'Compile Sheet '!$E$1:$X$1,0))),"No data"))} -> 7.5566667 | D20: Santosh Upadhyay
A21: Bishal Joshi- ASE Mobile | B21: Dhangadhi | C21: {=IF(D21="","",IFERROR(AVERAGE(INDEX('Compile Sheet '!$E$4:$X$57,MATCH(TRIM(D21),TRIM('Compile Sheet '!$B$4:$B$57),0),MATCH($G$3,'Compile Sheet '!$E$1:$X$1,0)):INDEX('Compile Sheet '!$E$4:$X$57,MATCH(TRIM(D21),TRIM('Compile Sheet '!$B$4:$B$57),0),MATCH($G$2,'Compile Sheet '!$E$1:$X$1,0))),"No data"))} -> 8.15 | D21: Bishal Joshi
A22: Surya Joshi - ASE QA | B22: Dhangadhi | C22: {=IF(D22="","",IFERROR(AVERAGE(INDEX('Compile Sheet '!$E$4:$X$57,MATCH(TRIM(D22),TRIM('Compile Sheet '!$B$4:$B$57),0),MATCH($G$3,'Compile Sheet '!$E$1:$X$1,0)):INDEX('Compile Sheet '!$E$4:$X$57,MATCH(TRIM(D22),TRIM('Compile Sheet '!$B$4:$B$57),0),MATCH($G$2,'Compile Sheet '!$E$1:$X$1,0))),"No data"))} -> 8.6833333 | D22: Surya joshi
A23: Niva Rani Awale- ASE BA | B23: Dhangadhi | C23: {=IF(D23="","",IFERROR(AVERAGE(INDEX('Compile Sheet '!$E$4:$X$57,MATCH(TRIM(D23),TRIM('Compile Sheet '!$B$4:$B$57),0),MATCH($G$3,'Compile Sheet '!$E$1:$X$1,0)):INDEX('Compile Sheet '!$E$4:$X$57,MATCH(TRIM(D23),TRIM('Compile Sheet '!$B$4:$B$57),0),MATCH($G$2,'Compile Sheet '!$E$1:$X$1,0))),"No data"))} -> 7.9716667 | D23: Niva Awale
C24: {=IF(D24="","",IFERROR(AVERAGE(INDEX('Compile Sheet '!$E$4:$X$57,MATCH(TRIM(D24),TRIM('Compile Sheet '!$B$4:$B$57),0),MATCH($G$3,'Compile Sheet '!$E$1:$X$1,0)):INDEX('Compile Sheet '!$E$4:$X$57,MATCH(TRIM(D24),TRIM('Compile Sheet '!$B$4:$B$57),0),MATCH($G$2,'Compile Sheet '!$E$1:$X$1,0))),"No data"))}
A25: Dharma Raj Gurung- Team Lead | B25: Blaze Warrior | C25: {=IF(D25="","",IFERROR(AVERAGE(INDEX('Compile Sheet '!$E$4:$X$57,MATCH(TRIM(D25),TRIM('Compile Sheet '!$B$4:$B$57),0),MATCH($G$3,'Compile Sheet '!$E$1:$X$1,0)):INDEX('Compile Sheet '!$E$4:$X$57,MATCH(TRIM(D25),TRIM('Compile Sheet '!$B$4:$B$57),0),MATCH($G$2,'Compile Sheet '!$E$1:$X$1,0))),"No data"))} -> 7.7633333 | D25: Dharma Gurung
A26: Nirjal Dahal - SSE | B26: Blaze Warrior | C26: {=IF(D26="","",IFERROR(AVERAGE(INDEX('Compile Sheet '!$E$4:$X$57,MATCH(TRIM(D26),TRIM('Compile Sheet '!$B$4:$B$57),0),MATCH($G$3,'Compile Sheet '!$E$1:$X$1,0)):INDEX('Compile Sheet '!$E$4:$X$57,MATCH(TRIM(D26),TRIM('Compile Sheet '!$B$4:$B$57),0),MATCH($G$2,'Compile Sheet '!$E$1:$X$1,0))),"No data"))} -> 8.64 | D26: Nirjal Dahal
A27: Sagar Maharjan- SE | B27: Blaze Warrior | C27: {=IF(D27="","",IFERROR(AVERAGE(INDEX('Compile Sheet '!$E$4:$X$57,MATCH(TRIM(D27),TRIM('Compile Sheet '!$B$4:$B$57),0),MATCH($G$3,'Compile Sheet '!$E$1:$X$1,0)):INDEX('Compile Sheet '!$E$4:$X$57,MATCH(TRIM(D27),TRIM('Compile Sheet '!$B$4:$B$57),0),MATCH($G$2,'Compile Sheet '!$E$1:$X$1,0))),"No data"))} -> 9.1616667 | D27: Sagar Maharjan
A28: Suyog Acharya - SE | B28: Blaze Warrior | C28: {=IF(D28="","",IFERROR(AVERAGE(INDEX('Compile Sheet '!$E$4:$X$57,MATCH(TRIM(D28),TRIM('Compile Sheet '!$B$4:$B$57),0),MATCH($G$3,'Compile Sheet '!$E$1:$X$1,0)):INDEX('Compile Sheet '!$E$4:$X$57,MATCH(TRIM(D28),TRIM('Compile Sheet '!$B$4:$B$57),0),MATCH($G$2,'Compile Sheet '!$E$1:$X$1,0))),"No data"))} -> 7.8983333 | D28: Suyog Acharya
A29: Susmita Parajuli - SE QA | B29: Blaze Warrior | C29: {=IF(D29="","",IFERROR(AVERAGE(INDEX('Compile Sheet '!$E$4:$X$57,MATCH(TRIM(D29),TRIM('Compile Sheet '!$B$4:$B$57),0),MATCH($G$3,'Compile Sheet '!$E$1:$X$1,0)):INDEX('Compile Sheet '!$E$4:$X$57,MATCH(TRIM(D29),TRIM('Compile Sheet '!$B$4:$B$57),0),MATCH($G$2,'Compile Sheet '!$E$1:$X$1,0))),"No data"))} -> 8.3633333 | D29: Susmita Parajuli
A30: Ramita Shrestha - ASE BA | B30: Blaze Warrior | C30: {=IF(D30="","",IFERROR(AVERAGE(INDEX('Compile Sheet '!$E$4:$X$57,MATCH(TRIM(D30),TRIM('Compile Sheet '!$B$4:$B$57),0),MATCH($G$3,'Compile Sheet '!$E$1:$X$1,0)):INDEX('Compile Sheet '!$E$4:$X$57,MATCH(TRIM(D30),TRIM('Compile Sheet '!$B$4:$B$57),0),MATCH($G$2,'Compile Sheet '!$E$1:$X$1,0))),"No data"))} -> 9.1216667 | D30: Ramita Shrestha
C31: {=IF(D31="","",IFERROR(AVERAGE(INDEX('Compile Sheet '!$E$4:$X$57,MATCH(TRIM(D31),TRIM('Compile Sheet '!$B$4:$B$57),0),MATCH($G$3,'Compile Sheet '!$E$1:$X$1,0)):INDEX('Compile Sheet '!$E$4:$X$57,MATCH(TRIM(D31),TRIM('Compile Sheet '!$B$4:$B$57),0),MATCH($G$2,'Compile Sheet '!$E$1:$X$1,0))),"No data"))}
A32: Abhinash Neupane- SSE | B32: RUN | C32: {=IF(D32="","",IFERROR(AVERAGE(INDEX('Compile Sheet '!$E$4:$X$57,MATCH(TRIM(D32),TRIM('Compile Sheet '!$B$4:$B$57),0),MATCH($G$3,'Compile Sheet '!$E$1:$X$1,0)):INDEX('Compile Sheet '!$E$4:$X$57,MATCH(TRIM(D32),TRIM('Compile Sheet '!$B$4:$B$57),0),MATCH($G$2,'Compile Sheet '!$E$1:$X$1,0))),"No data"))} -> 8.5 | D32: Abhinash Neupane
A33: Ram Chandra Dahal - SSE | B33: RUN | C33: {=IF(D33="","",IFERROR(AVERAGE(INDEX('Compile Sheet '!$E$4:$X$57,MATCH(TRIM(D33),TRIM('Compile Sheet '!$B$4:$B$57),0),MATCH($G$3,'Compile Sheet '!$E$1:$X$1,0)):INDEX('Compile Sheet '!$E$4:$X$57,MATCH(TRIM(D33),TRIM('Compile Sheet '!$B$4:$B$57),0),MATCH($G$2,'Compile Sheet '!$E$1:$X$1,0))),"No data"))} -> 8.7833333 | D33: Ram Chandra Dahal
A34: Rashik Shrestha - SE | B34: RUN | C34: {=IF(D34="","",IFERROR(AVERAGE(INDEX('Compile Sheet '!$E$4:$X$57,MATCH(TRIM(D34),TRIM('Compile Sheet '!$B$4:$B$57),0),MATCH($G$3,'Compile Sheet '!$E$1:$X$1,0)):INDEX('Compile Sheet '!$E$4:$X$57,MATCH(TRIM(D34),TRIM('Compile Sheet '!$B$4:$B$57),0),MATCH($G$2,'Compile Sheet '!$E$1:$X$1,0))),"No data"))} -> 8.6883333 | D34: Rashik Shrestha
A35: Jeevan Joshi - SE | B35: RUN | C35: {=IF(D35="","",IFERROR(AVERAGE(INDEX('Compile Sheet '!$E$4:$X$57,MATCH(TRIM(D35),TRIM('Compile Sheet '!$B$4:$B$57),0),MATCH($G$3,'Compile Sheet '!$E$1:$X$1,0)):INDEX('Compile Sheet '!$E$4:$X$57,MATCH(TRIM(D35),TRIM('Compile Sheet '!$B$4:$B$57),0),MATCH($G$2,'Compile Sheet '!$E$1:$X$1,0))),"No data"))} -> 9.1 | D35: Jeevan Joshi
A36: Ankit Belal - SE | B36: RUN | C36: {=IF(D36="","",IFERROR(AVERAGE(INDEX('Compile Sheet '!$E$4:$X$57,MATCH(TRIM(D36),TRIM('Compile Sheet '!$B$4:$B$57),0),MATCH($G$3,'Compile Sheet '!$E$1:$X$1,0)):INDEX('Compile Sheet '!$E$4:$X$57,MATCH(TRIM(D36),TRIM('Compile Sheet '!$B$4:$B$57),0),MATCH($G$2,'Compile Sheet '!$E$1:$X$1,0))),"No data"))} -> 8.745 | D36: Ankit Belal
A37: Diplov Khatri - ASE | B37: RUN | C37: {=IF(D37="","",IFERROR(AVERAGE(INDEX('Compile Sheet '!$E$4:$X$57,MATCH(TRIM(D37),TRIM('Compile Sheet '!$B$4:$B$57),0),MATCH($G$3,'Compile Sheet '!$E$1:$X$1,0)):INDEX('Compile Sheet '!$E$4:$X$57,MATCH(TRIM(D37),TRIM('Compile Sheet '!$B$4:$B$57),0),MATCH($G$2,'Compile Sheet '!$E$1:$X$1,0))),"No data"))} -> 8.6683333 | D37: Diplov Khatri
C38: {=IF(D38="","",IFERROR(AVERAGE(INDEX('Compile Sheet '!$E$4:$X$57,MATCH(TRIM(D38),TRIM('Compile Sheet '!$B$4:$B$57),0),MATCH($G$3,'Compile Sheet '!$E$1:$X$1,0)):INDEX('Compile Sheet '!$E$4:$X$57,MATCH(TRIM(D38),TRIM('Compile Sheet '!$B$4:$B$57),0),MATCH($G$2,'Compile Sheet '!$E$1:$X$1,0))),"No data"))}
A39: Bishal Pilla Shrestha- Team Lead | B39: Bravo | C39: {=IF(D39="","",IFERROR(AVERAGE(INDEX('Compile Sheet '!$E$4:$X$57,MATCH(TRIM(D39),TRIM('Compile Sheet '!$B$4:$B$57),0),MATCH($G$3,'Compile Sheet '!$E$1:$X$1,0)):INDEX('Compile Sheet '!$E$4:$X$57,MATCH(TRIM(D39),TRIM('Compile Sheet '!$B$4:$B$57),0),MATCH($G$2,'Compile Sheet '!$E$1:$X$1,0))),"No data"))} -> 8.4683333 | D39: Bishal Stha
A40: Anuj Jhyari Magar - SSE | B40: Bravo | C40: {=IF(D40="","",IFERROR(AVERAGE(INDEX('Compile Sheet '!$E$4:$X$57,MATCH(TRIM(D40),TRIM('Compile Sheet '!$B$4:$B$57),0),MATCH($G$3,'Compile Sheet '!$E$1:$X$1,0)):INDEX('Compile Sheet '!$E$4:$X$57,MATCH(TRIM(D40),TRIM('Compile Sheet '!$B$4:$B$57),0),MATCH($G$2,'Compile Sheet '!$E$1:$X$1,0))),"No data"))} -> 9.075 | D40: Anuj Magar
A41: Aashish Katwal -SE | B41: Bravo | C41: {=IF(D41="","",IFERROR(AVERAGE(INDEX('Compile Sheet '!$E$4:$X$57,MATCH(TRIM(D41),TRIM('Compile Sheet '!$B$4:$B$57),0),MATCH($G$3,'Compile Sheet '!$E$1:$X$1,0)):INDEX('Compile Sheet '!$E$4:$X$57,MATCH(TRIM(D41),TRIM('Compile Sheet '!$B$4:$B$57),0),MATCH($G$2,'Compile Sheet '!$E$1:$X$1,0))),"No data"))} -> 8.4883333 | D41: Aashish Katwal
A42: Sheerya Shakya -SE QA | B42: Bravo | C42: {=IF(D42="","",IFERROR(AVERAGE(INDEX('Compile Sheet '!$E$4:$X$57,MATCH(TRIM(D42),TRIM('Compile Sheet '!$B$4:$B$57),0),MATCH($G$3,'Compile Sheet '!$E$1:$X$1,0)):INDEX('Compile Sheet '!$E$4:$X$57,MATCH(TRIM(D42),TRIM('Compile Sheet '!$B$4:$B$57),0),MATCH($G$2,'Compile Sheet '!$E$1:$X$1,0))),"No data"))} -> 8.6633333 | D42: Shreeya Shakya
A43: Saugat Gurung- ASE | B43: Bravo | C43: {=IF(D43="","",IFERROR(AVERAGE(INDEX('Compile Sheet '!$E$4:$X$57,MATCH(TRIM(D43),TRIM('Compile Sheet '!$B$4:$B$57),0),MATCH($G$3,'Compile Sheet '!$E$1:$X$1,0)):INDEX('Compile Sheet '!$E$4:$X$57,MATCH(TRIM(D43),TRIM('Compile Sheet '!$B$4:$B$57),0),MATCH($G$2,'Compile Sheet '!$E$1:$X$1,0))),"No data"))} -> 8.2266667 | D43: Saugat Gurung
A44: Shishir Sharma Upadhyay ASE - QA | B44: Bravo | C44: {=IF(D44="","",IFERROR(AVERAGE(INDEX('Compile Sheet '!$E$4:$X$57,MATCH(TRIM(D44),TRIM('Compile Sheet '!$B$4:$B$57),0),MATCH($G$3,'Compile Sheet '!$E$1:$X$1,0)):INDEX('Compile Sheet '!$E$4:$X$57,MATCH(TRIM(D44),TRIM('Compile Sheet '!$B$4:$B$57),0),MATCH($G$2,'Compile Sheet '!$E$1:$X$1,0))),"No data"))} -> 8.84 | D44: Shishir Sharma
C45: {=IF(D45="","",IFERROR(AVERAGE(INDEX('Compile Sheet '!$E$4:$X$57,MATCH(TRIM(D45),TRIM('Compile Sheet '!$B$4:$B$57),0),MATCH($G$3,'Compile Sheet '!$E$1:$X$1,0)):INDEX('Compile Sheet '!$E$4:$X$57,MATCH(TRIM(D45),TRIM('Compile Sheet '!$B$4:$B$57),0),MATCH($G$2,'Compile Sheet '!$E$1:$X$1,0))),"No data"))}
A46: Susan Mool - Sr. Designer | B46: Design | C46: {=IF(D46="","",IFERROR(AVERAGE(INDEX('Compile Sheet '!$E$4:$X$57,MATCH(TRIM(D46),TRIM('Compile Sheet '!$B$4:$B$57),0),MATCH($G$3,'Compile Sheet '!$E$1:$X$1,0)):INDEX('Compile Sheet '!$E$4:$X$57,MATCH(TRIM(D46),TRIM('Compile Sheet '!$B$4:$B$57),0),MATCH($G$2,'Compile Sheet '!$E$1:$X$1,0))),"No data"))} -> 9.2233333 | D46: Susan Mool
A47: Sayara Dangol - SE Designer | B47: Design | C47: {=IF(D47="","",IFERROR(AVERAGE(INDEX('Compile Sheet '!$E$4:$X$57,MATCH(TRIM(D47),TRIM('Compile Sheet '!$B$4:$B$57),0),MATCH($G$3,'Compile Sheet '!$E$1:$X$1,0)):INDEX('Compile Sheet '!$E$4:$X$57,MATCH(TRIM(D47),TRIM('Compile Sheet '!$B$4:$B$57),0),MATCH($G$2,'Compile Sheet '!$E$1:$X$1,0))),"No data"))} -> 8.9533333 | D47: Sayara Dangol
C48: {=IF(D48="","",IFERROR(AVERAGE(INDEX('Compile Sheet '!$E$4:$X$57,MATCH(TRIM(D48),TRIM('Compile Sheet '!$B$4:$B$57),0),MATCH($G$3,'Compile Sheet '!$E$1:$X$1,0)):INDEX('Compile Sheet '!$E$4:$X$57,MATCH(TRIM(D48),TRIM('Compile Sheet '!$B$4:$B$57),0),MATCH($G$2,'Compile Sheet '!$E$1:$X$1,0))),"No data"))}
A49: Niba Tandukar- Team Lead | B49: DevOps | C49: {=IF(D49="","",IFERROR(AVERAGE(INDEX('Compile Sheet '!$E$4:$X$57,MATCH(TRIM(D49),TRIM('Compile Sheet '!$B$4:$B$57),0),MATCH($G$3,'Compile Sheet '!$E$1:$X$1,0)):INDEX('Compile Sheet '!$E$4:$X$57,MATCH(TRIM(D49),TRIM('Compile Sheet '!$B$4:$B$57),0),MATCH($G$2,'Compile Sheet '!$E$1:$X$1,0))),"No data"))} -> 9.5216667 | D49: Niba Tandukar
A50: Ravi Gupta- Sr. DevOps | B50: DevOps | C50: {=IF(D50="","",IFERROR(AVERAGE(INDEX('Compile Sheet '!$E$4:$X$57,MATCH(TRIM(D50),TRIM('Compile Sheet '!$B$4:$B$57),0),MATCH($G$3,'Compile Sheet '!$E$1:$X$1,0)):INDEX('Compile Sheet '!$E$4:$X$57,MATCH(TRIM(D50),TRIM('Compile Sheet '!$B$4:$B$57),0),MATCH($G$2,'Compile Sheet '!$E$1:$X$1,0))),"No data"))} -> 9.1116667 | D50: Ravi Gupta
A51: Sajjan Khanal- SE DevOps | B51: DevOps | C51: {=IF(D51="","",IFERROR(AVERAGE(INDEX('Compile Sheet '!$E$4:$X$57,MATCH(TRIM(D51),TRIM('Compile Sheet '!$B$4:$B$57),0),MATCH($G$3,'Compile Sheet '!$E$1:$X$1,0)):INDEX('Compile Sheet '!$E$4:$X$57,MATCH(TRIM(D51),TRIM('Compile Sheet '!$B$4:$B$57),0),MATCH($G$2,'Compile Sheet '!$E$1:$X$1,0))),"No data"))} -> 9.8 | D51: Sajjan Khanal
A52: Mandip Thapa - SE DBA | B52: DevOps | C52: {=IF(D52="","",IFERROR(AVERAGE(INDEX('Compile Sheet '!$E$4:$X$57,MATCH(TRIM(D52),TRIM('Compile Sheet '!$B$4:$B$57),0),MATCH($G$3,'Compile Sheet '!$E$1:$X$1,0)):INDEX('Compile Sheet '!$E$4:$X$57,MATCH(TRIM(D52),TRIM('Compile Sheet '!$B$4:$B$57),0),MATCH($G$2,'Compile Sheet '!$E$1:$X$1,0))),"No data"))} -> 9 | D52: Mandip Thapa
A53: Soniya Sharma- ASE DevOps | B53: DevOps | C53: {=IF(D53="","",IFERROR(AVERAGE(INDEX('Compile Sheet '!$E$4:$X$57,MATCH(TRIM(D53),TRIM('Compile Sheet '!$B$4:$B$57),0),MATCH($G$3,'Compile Sheet '!$E$1:$X$1,0)):INDEX('Compile Sheet '!$E$4:$X$57,MATCH(TRIM(D53),TRIM('Compile Sheet '!$B$4:$B$57),0),MATCH($G$2,'Compile Sheet '!$E$1:$X$1,0))),"No data"))} -> 9.3 | D53: Soniya Sharma
C54: {=IF(D54="","",IFERROR(AVERAGE(INDEX('Compile Sheet '!$E$4:$X$57,MATCH(TRIM(D54),TRIM('Compile Sheet '!$B$4:$B$57),0),MATCH($G$3,'Compile Sheet '!$E$1:$X$1,0)):INDEX('Compile Sheet '!$E$4:$X$57,MATCH(TRIM(D54),TRIM('Compile Sheet '!$B$4:$B$57),0),MATCH($G$2,'Compile Sheet '!$E$1:$X$1,0))),"No data"))}
A55: Agrim Paneru | B55: AI | C55: {=IF(D55="","",IFERROR(AVERAGE(INDEX('Compile Sheet '!$E$4:$X$57,MATCH(TRIM(D55),TRIM('Compile Sheet '!$B$4:$B$57),0),MATCH($G$3,'Compile Sheet '!$E$1:$X$1,0)):INDEX('Compile Sheet '!$E$4:$X$57,MATCH(TRIM(D55),TRIM('Compile Sheet '!$B$4:$B$57),0),MATCH($G$2,'Compile Sheet '!$E$1:$X$1,0))),"No data"))} -> 7.985 | D55: Agrim Paneru
A56: Anmol Chalise | B56: AI | C56: {=IF(D56="","",IFERROR(AVERAGE(INDEX('Compile Sheet '!$E$4:$X$57,MATCH(TRIM(D56),TRIM('Compile Sheet '!$B$4:$B$57),0),MATCH($G$3,'Compile Sheet '!$E$1:$X$1,0)):INDEX('Compile Sheet '!$E$4:$X$57,MATCH(TRIM(D56),TRIM('Compile Sheet '!$B$4:$B$57),0),MATCH($G$2,'Compile Sheet '!$E$1:$X$1,0))),"No data"))} -> 7.6866667 | D56: Anmol Chalise
A57: Dilendra Thagunna | B57: AI | C57: {=IF(D57="","",IFERROR(AVERAGE(INDEX('Compile Sheet '!$E$4:$X$57,MATCH(TRIM(D57),TRIM('Compile Sheet '!$B$4:$B$57),0),MATCH($G$3,'Compile Sheet '!$E$1:$X$1,0)):INDEX('Compile Sheet '!$E$4:$X$57,MATCH(TRIM(D57),TRIM('Compile Sheet '!$B$4:$B$57),0),MATCH($G$2,'Compile Sheet '!$E$1:$X$1,0))),"No data"))} -> 10 | D57: Dilendra Thagunna
